product,price,quantity,date,region,Sales
pink morsel,$3.00,526,2020-10-13,north,$1578.00
pink morsel,$3.00,546,2020-10-13,south,$1638.00
pink morsel,$3.00,505,2020-10-13,east,$1515.00
pink morsel,$3.00,561,2020-10-13,west,$1683.00
pink morsel,$3.00,560,2020-10-14,north,$1680.00
pink morsel,$3.00,585,2020-10-14,south,$1755.00
pink morsel,$3.00,528,2020-10-14,east,$1584.00
pink morsel,$3.00,530,2020-10-14,west,$1590.00
pink morsel,$3.00,506,2020-10-15,north,$1518.00
pink morsel,$3.00,567,2020-10-15,south,$1701.00
pink morsel,$3.00,572,2020-10-15,east,$1716.00
pink morsel,$3.00,521,2020-10-15,west,$1563.00
pink morsel,$3.00,546,2020-10-16,north,$1638.00
pink morsel,$3.00,563,2020-10-16,south,$1689.00
pink morsel,$3.00,505,2020-10-16,east,$1515.00
pink morsel,$3.00,544,2020-10-16,west,$1632.00
pink morsel,$3.00,503,2020-10-17,north,$1509.00
pink morsel,$3.00,597,2020-10-17,south,$1791.00
pink morsel,$3.00,503,2020-10-17,east,$1509.00
pink morsel,$3.00,592,2020-10-17,west,$1776.00
pink morsel,$3.00,508,2020-10-18,north,$1524.00
pink morsel,$3.00,572,2020-10-18,south,$1716.00
pink morsel,$3.00,526,2020-10-18,east,$1578.00
pink morsel,$3.00,571,2020-10-18,west,$1713.00
pink morsel,$3.00,552,2020-10-19,north,$1656.00
pink morsel,$3.00,575,2020-10-19,south,$1725.00
pink morsel,$3.00,518,2020-10-19,east,$1554.00
pink morsel,$3.00,508,2020-10-19,west,$1524.00
pink morsel,$3.00,523,2020-10-20,north,$1569.00
pink morsel,$3.00,586,2020-10-20,south,$1758.00
pink morsel,$3.00,586,2020-10-20,east,$1758.00
pink morsel,$3.00,538,2020-10-20,west,$1614.00
pink morsel,$3.00,580,2020-10-21,north,$1740.00
pink morsel,$3.00,507,2020-10-21,south,$1521.00
pink morsel,$3.00,574,2020-10-21,east,$1722.00
pink morsel,$3.00,535,2020-10-21,west,$1605.00
pink morsel,$3.00,583,2020-10-22,north,$1749.00
pink morsel,$3.00,546,2020-10-22,south,$1638.00
pink morsel,$3.00,570,2020-10-22,east,$1710.00
pink morsel,$3.00,556,2020-10-22,west,$1668.00
pink morsel,$3.00,545,2020-10-23,north,$1635.00
pink morsel,$3.00,511,2020-10-23,south,$1533.00
pink morsel,$3.00,545,2020-10-23,east,$1635.00
pink morsel,$3.00,525,2020-10-23,west,$1575.00
pink morsel,$3.00,579,2020-10-24,north,$1737.00
pink morsel,$3.00,531,2020-10-24,south,$1593.00
pink morsel,$3.00,569,2020-10-24,east,$1707.00
pink morsel,$3.00,512,2020-10-24,west,$1536.00
pink morsel,$3.00,563,2020-10-25,north,$1689.00
pink morsel,$3.00,560,2020-10-25,south,$1680.00
pink morsel,$3.00,535,2020-10-25,east,$1605.00
pink morsel,$3.00,539,2020-10-25,west,$1617.00
pink morsel,$3.00,582,2020-10-26,north,$1746.00
pink morsel,$3.00,506,2020-10-26,south,$1518.00
pink morsel,$3.00,552,2020-10-26,east,$1656.00
pink morsel,$3.00,514,2020-10-26,west,$1542.00
pink morsel,$3.00,527,2020-10-27,north,$1581.00
pink morsel,$3.00,572,2020-10-27,south,$1716.00
pink morsel,$3.00,561,2020-10-27,east,$1683.00
pink morsel,$3.00,506,2020-10-27,west,$1518.00
pink morsel,$3.00,582,2020-10-28,north,$1746.00
pink morsel,$3.00,529,2020-10-28,south,$1587.00
pink morsel,$3.00,548,2020-10-28,east,$1644.00
pink morsel,$3.00,577,2020-10-28,west,$1731.00
pink morsel,$3.00,590,2020-10-29,north,$1770.00
pink morsel,$3.00,564,2020-10-29,south,$1692.00
pink morsel,$3.00,519,2020-10-29,east,$1557.00
pink morsel,$3.00,508,2020-10-29,west,$1524.00
pink morsel,$3.00,591,2020-10-30,north,$1773.00
pink morsel,$3.00,563,2020-10-30,south,$1689.00
pink morsel,$3.00,592,2020-10-30,east,$1776.00
pink morsel,$3.00,562,2020-10-30,west,$1686.00
pink morsel,$3.00,527,2020-10-31,north,$1581.00
pink morsel,$3.00,586,2020-10-31,south,$1758.00
pink morsel,$3.00,585,2020-10-31,east,$1755.00
pink morsel,$3.00,556,2020-10-31,west,$1668.00
pink morsel,$3.00,555,2020-11-01,north,$1665.00
pink morsel,$3.00,517,2020-11-01,south,$1551.00
pink morsel,$3.00,590,2020-11-01,east,$1770.00
pink morsel,$3.00,531,2020-11-01,west,$1593.00
pink morsel,$3.00,578,2020-11-02,north,$1734.00
pink morsel,$3.00,500,2020-11-02,south,$1500.00
pink morsel,$3.00,580,2020-11-02,east,$1740.00
pink morsel,$3.00,562,2020-11-02,west,$1686.00
pink morsel,$3.00,517,2020-11-03,north,$1551.00
pink morsel,$3.00,584,2020-11-03,south,$1752.00
pink morsel,$3.00,582,2020-11-03,east,$1746.00
pink morsel,$3.00,527,2020-11-03,west,$1581.00
pink morsel,$3.00,591,2020-11-04,north,$1773.00
pink morsel,$3.00,596,2020-11-04,south,$1788.00
pink morsel,$3.00,515,2020-11-04,east,$1545.00
pink morsel,$3.00,502,2020-11-04,west,$1506.00
pink morsel,$3.00,548,2020-11-05,north,$1644.00
pink morsel,$3.00,535,2020-11-05,south,$1605.00
pink morsel,$3.00,562,2020-11-05,east,$1686.00
pink morsel,$3.00,513,2020-11-05,west,$1539.00
pink morsel,$3.00,575,2020-11-06,north,$1725.00
pink morsel,$3.00,533,2020-11-06,south,$1599.00
pink morsel,$3.00,553,2020-11-06,east,$1659.00
pink morsel,$3.00,525,2020-11-06,west,$1575.00
pink morsel,$3.00,551,2020-11-07,north,$1653.00
pink morsel,$3.00,547,2020-11-07,south,$1641.00
pink morsel,$3.00,529,2020-11-07,east,$1587.00
pink morsel,$3.00,586,2020-11-07,west,$1758.00
pink morsel,$3.00,595,2020-11-08,north,$1785.00
pink morsel,$3.00,565,2020-11-08,south,$1695.00
pink morsel,$3.00,527,2020-11-08,east,$1581.00
pink morsel,$3.00,578,2020-11-08,west,$1734.00
pink morsel,$3.00,596,2020-11-09,north,$1788.00
pink morsel,$3.00,531,2020-11-09,south,$1593.00
pink morsel,$3.00,531,2020-11-09,east,$1593.00
pink morsel,$3.00,504,2020-11-09,west,$1512.00
pink morsel,$3.00,546,2020-11-10,north,$1638.00
pink morsel,$3.00,578,2020-11-10,south,$1734.00
pink morsel,$3.00,565,2020-11-10,east,$1695.00
pink morsel,$3.00,546,2020-11-10,west,$1638.00
pink morsel,$3.00,565,2020-11-11,north,$1695.00
pink morsel,$3.00,511,2020-11-11,south,$1533.00
pink morsel,$3.00,577,2020-11-11,east,$1731.00
pink morsel,$3.00,563,2020-11-11,west,$1689.00
pink morsel,$3.00,571,2020-11-12,north,$1713.00
pink morsel,$3.00,532,2020-11-12,south,$1596.00
pink morsel,$3.00,562,2020-11-12,east,$1686.00
pink morsel,$3.00,505,2020-11-12,west,$1515.00
pink morsel,$3.00,527,2020-11-13,north,$1581.00
pink morsel,$3.00,507,2020-11-13,south,$1521.00
pink morsel,$3.00,559,2020-11-13,east,$1677.00
pink morsel,$3.00,545,2020-11-13,west,$1635.00
pink morsel,$3.00,583,2020-11-14,north,$1749.00
pink morsel,$3.00,514,2020-11-14,south,$1542.00
pink morsel,$3.00,534,2020-11-14,east,$1602.00
pink morsel,$3.00,519,2020-11-14,west,$1557.00
pink morsel,$3.00,562,2020-11-15,north,$1686.00
pink morsel,$3.00,546,2020-11-15,south,$1638.00
pink morsel,$3.00,598,2020-11-15,east,$1794.00
pink morsel,$3.00,553,2020-11-15,west,$1659.00
pink morsel,$3.00,591,2020-11-16,north,$1773.00
pink morsel,$3.00,557,2020-11-16,south,$1671.00
pink morsel,$3.00,542,2020-11-16,east,$1626.00
pink morsel,$3.00,575,2020-11-16,west,$1725.00
pink morsel,$3.00,562,2020-11-17,north,$1686.00
pink morsel,$3.00,507,2020-11-17,south,$1521.00
pink morsel,$3.00,578,2020-11-17,east,$1734.00
pink morsel,$3.00,510,2020-11-17,west,$1530.00
pink morsel,$3.00,566,2020-11-18,north,$1698.00
pink morsel,$3.00,590,2020-11-18,south,$1770.00
pink morsel,$3.00,584,2020-11-18,east,$1752.00
pink morsel,$3.00,554,2020-11-18,west,$1662.00
pink morsel,$3.00,522,2020-11-19,north,$1566.00
pink morsel,$3.00,530,2020-11-19,south,$1590.00
pink morsel,$3.00,545,2020-11-19,east,$1635.00
pink morsel,$3.00,566,2020-11-19,west,$1698.00
pink morsel,$3.00,561,2020-11-20,north,$1683.00
pink morsel,$3.00,551,2020-11-20,south,$1653.00
pink morsel,$3.00,509,2020-11-20,east,$1527.00
pink morsel,$3.00,508,2020-11-20,west,$1524.00
pink morsel,$3.00,531,2020-11-21,north,$1593.00
pink morsel,$3.00,552,2020-11-21,south,$1656.00
pink morsel,$3.00,541,2020-11-21,east,$1623.00
pink morsel,$3.00,546,2020-11-21,west,$1638.00
pink morsel,$3.00,532,2020-11-22,north,$1596.00
pink morsel,$3.00,525,2020-11-22,south,$1575.00
pink morsel,$3.00,552,2020-11-22,east,$1656.00
pink morsel,$3.00,575,2020-11-22,west,$1725.00
pink morsel,$3.00,589,2020-11-23,north,$1767.00
pink morsel,$3.00,550,2020-11-23,south,$1650.00
pink morsel,$3.00,547,2020-11-23,east,$1641.00
pink morsel,$3.00,544,2020-11-23,west,$1632.00
pink morsel,$3.00,534,2020-11-24,north,$1602.00
pink morsel,$3.00,544,2020-11-24,south,$1632.00
pink morsel,$3.00,581,2020-11-24,east,$1743.00
pink morsel,$3.00,539,2020-11-24,west,$1617.00
pink morsel,$3.00,575,2020-11-25,north,$1725.00
pink morsel,$3.00,587,2020-11-25,south,$1761.00
pink morsel,$3.00,597,2020-11-25,east,$1791.00
pink morsel,$3.00,540,2020-11-25,west,$1620.00
pink morsel,$3.00,590,2020-11-26,north,$1770.00
pink morsel,$3.00,597,2020-11-26,south,$1791.00
pink morsel,$3.00,555,2020-11-26,east,$1665.00
pink morsel,$3.00,581,2020-11-26,west,$1743.00
pink morsel,$3.00,544,2020-11-27,north,$1632.00
pink morsel,$3.00,529,2020-11-27,south,$1587.00
pink morsel,$3.00,560,2020-11-27,east,$1680.00
pink morsel,$3.00,552,2020-11-27,west,$1656.00
pink morsel,$3.00,582,2020-11-28,north,$1746.00
pink morsel,$3.00,533,2020-11-28,south,$1599.00
pink morsel,$3.00,573,2020-11-28,east,$1719.00
pink morsel,$3.00,598,2020-11-28,west,$1794.00
pink morsel,$3.00,586,2020-11-29,north,$1758.00
pink morsel,$3.00,519,2020-11-29,south,$1557.00
pink morsel,$3.00,549,2020-11-29,east,$1647.00
pink morsel,$3.00,580,2020-11-29,west,$1740.00
pink morsel,$3.00,545,2020-11-30,north,$1635.00
pink morsel,$3.00,528,2020-11-30,south,$1584.00
pink morsel,$3.00,538,2020-11-30,east,$1614.00
pink morsel,$3.00,583,2020-11-30,west,$1749.00
pink morsel,$3.00,529,2020-12-01,north,$1587.00
pink morsel,$3.00,573,2020-12-01,south,$1719.00
pink morsel,$3.00,540,2020-12-01,east,$1620.00
pink morsel,$3.00,552,2020-12-01,west,$1656.00
pink morsel,$3.00,518,2020-12-02,north,$1554.00
pink morsel,$3.00,585,2020-12-02,south,$1755.00
pink morsel,$3.00,579,2020-12-02,east,$1737.00
pink morsel,$3.00,516,2020-12-02,west,$1548.00
pink morsel,$3.00,524,2020-12-03,north,$1572.00
pink morsel,$3.00,520,2020-12-03,south,$1560.00
pink morsel,$3.00,582,2020-12-03,east,$1746.00
pink morsel,$3.00,596,2020-12-03,west,$1788.00
pink morsel,$3.00,546,2020-12-04,north,$1638.00
pink morsel,$3.00,542,2020-12-04,south,$1626.00
pink morsel,$3.00,506,2020-12-04,east,$1518.00
pink morsel,$3.00,591,2020-12-04,west,$1773.00
pink morsel,$3.00,569,2020-12-05,north,$1707.00
pink morsel,$3.00,538,2020-12-05,south,$1614.00
pink morsel,$3.00,574,2020-12-05,east,$1722.00
pink morsel,$3.00,508,2020-12-05,west,$1524.00
pink morsel,$3.00,520,2020-12-06,north,$1560.00
pink morsel,$3.00,539,2020-12-06,south,$1617.00
pink morsel,$3.00,522,2020-12-06,east,$1566.00
pink morsel,$3.00,505,2020-12-06,west,$1515.00
pink morsel,$3.00,503,2020-12-07,north,$1509.00
pink morsel,$3.00,515,2020-12-07,south,$1545.00
pink morsel,$3.00,532,2020-12-07,east,$1596.00
pink morsel,$3.00,557,2020-12-07,west,$1671.00
pink morsel,$3.00,562,2020-12-08,north,$1686.00
pink morsel,$3.00,595,2020-12-08,south,$1785.00
pink morsel,$3.00,600,2020-12-08,east,$1800.00
pink morsel,$3.00,530,2020-12-08,west,$1590.00
pink morsel,$3.00,596,2020-12-09,north,$1788.00
pink morsel,$3.00,596,2020-12-09,south,$1788.00
pink morsel,$3.00,528,2020-12-09,east,$1584.00
pink morsel,$3.00,555,2020-12-09,west,$1665.00
pink morsel,$3.00,540,2020-12-10,north,$1620.00
pink morsel,$3.00,575,2020-12-10,south,$1725.00
pink morsel,$3.00,523,2020-12-10,east,$1569.00
pink morsel,$3.00,511,2020-12-10,west,$1533.00
pink morsel,$3.00,501,2020-12-11,north,$1503.00
pink morsel,$3.00,571,2020-12-11,south,$1713.00
pink morsel,$3.00,550,2020-12-11,east,$1650.00
pink morsel,$3.00,592,2020-12-11,west,$1776.00
pink morsel,$3.00,543,2020-12-12,north,$1629.00
pink morsel,$3.00,554,2020-12-12,south,$1662.00
pink morsel,$3.00,541,2020-12-12,east,$1623.00
pink morsel,$3.00,530,2020-12-12,west,$1590.00
pink morsel,$3.00,550,2020-12-13,north,$1650.00
pink morsel,$3.00,549,2020-12-13,south,$1647.00
pink morsel,$3.00,561,2020-12-13,east,$1683.00
pink morsel,$3.00,510,2020-12-13,west,$1530.00
pink morsel,$3.00,582,2020-12-14,north,$1746.00
pink morsel,$3.00,517,2020-12-14,south,$1551.00
pink morsel,$3.00,516,2020-12-14,east,$1548.00
pink morsel,$3.00,589,2020-12-14,west,$1767.00
pink morsel,$3.00,595,2020-12-15,north,$1785.00
pink morsel,$3.00,578,2020-12-15,south,$1734.00
pink morsel,$3.00,526,2020-12-15,east,$1578.00
pink morsel,$3.00,532,2020-12-15,west,$1596.00
pink morsel,$3.00,593,2020-12-16,north,$1779.00
pink morsel,$3.00,590,2020-12-16,south,$1770.00
pink morsel,$3.00,527,2020-12-16,east,$1581.00
pink morsel,$3.00,538,2020-12-16,west,$1614.00
pink morsel,$3.00,502,2020-12-17,north,$1506.00
pink morsel,$3.00,511,2020-12-17,south,$1533.00
pink morsel,$3.00,559,2020-12-17,east,$1677.00
pink morsel,$3.00,579,2020-12-17,west,$1737.00
pink morsel,$3.00,545,2020-12-18,north,$1635.00
pink morsel,$3.00,600,2020-12-18,south,$1800.00
pink morsel,$3.00,598,2020-12-18,east,$1794.00
pink morsel,$3.00,551,2020-12-18,west,$1653.00
pink morsel,$3.00,573,2020-12-19,north,$1719.00
pink morsel,$3.00,558,2020-12-19,south,$1674.00
pink morsel,$3.00,525,2020-12-19,east,$1575.00
pink morsel,$3.00,550,2020-12-19,west,$1650.00
pink morsel,$3.00,569,2020-12-20,north,$1707.00
pink morsel,$3.00,564,2020-12-20,south,$1692.00
pink morsel,$3.00,538,2020-12-20,east,$1614.00
pink morsel,$3.00,521,2020-12-20,west,$1563.00
pink morsel,$3.00,525,2020-12-21,north,$1575.00
pink morsel,$3.00,502,2020-12-21,south,$1506.00
pink morsel,$3.00,533,2020-12-21,east,$1599.00
pink morsel,$3.00,562,2020-12-21,west,$1686.00
pink morsel,$3.00,506,2020-12-22,north,$1518.00
pink morsel,$3.00,559,2020-12-22,south,$1677.00
pink morsel,$3.00,574,2020-12-22,east,$1722.00
pink morsel,$3.00,522,2020-12-22,west,$1566.00
pink morsel,$3.00,559,2020-12-23,north,$1677.00
pink morsel,$3.00,514,2020-12-23,south,$1542.00
pink morsel,$3.00,595,2020-12-23,east,$1785.00
pink morsel,$3.00,557,2020-12-23,west,$1671.00
pink morsel,$3.00,575,2020-12-24,north,$1725.00
pink morsel,$3.00,502,2020-12-24,south,$1506.00
pink morsel,$3.00,521,2020-12-24,east,$1563.00
pink morsel,$3.00,556,2020-12-24,west,$1668.00
pink morsel,$3.00,594,2020-12-25,north,$1782.00
pink morsel,$3.00,519,2020-12-25,south,$1557.00
pink morsel,$3.00,599,2020-12-25,east,$1797.00
pink morsel,$3.00,521,2020-12-25,west,$1563.00
pink morsel,$3.00,518,2020-12-26,north,$1554.00
pink morsel,$3.00,550,2020-12-26,south,$1650.00
pink morsel,$3.00,566,2020-12-26,east,$1698.00
pink morsel,$3.00,579,2020-12-26,west,$1737.00
pink morsel,$3.00,590,2020-12-27,north,$1770.00
pink morsel,$3.00,578,2020-12-27,south,$1734.00
pink morsel,$3.00,590,2020-12-27,east,$1770.00
pink morsel,$3.00,508,2020-12-27,west,$1524.00
pink morsel,$3.00,575,2020-12-28,north,$1725.00
pink morsel,$3.00,512,2020-12-28,south,$1536.00
pink morsel,$3.00,586,2020-12-28,east,$1758.00
pink morsel,$3.00,561,2020-12-28,west,$1683.00
pink morsel,$3.00,506,2020-12-29,north,$1518.00
pink morsel,$3.00,559,2020-12-29,south,$1677.00
pink morsel,$3.00,538,2020-12-29,east,$1614.00
pink morsel,$3.00,589,2020-12-29,west,$1767.00
pink morsel,$3.00,508,2020-12-30,north,$1524.00
pink morsel,$3.00,510,2020-12-30,south,$1530.00
pink morsel,$3.00,528,2020-12-30,east,$1584.00
pink morsel,$3.00,597,2020-12-30,west,$1791.00
pink morsel,$3.00,580,2020-12-31,north,$1740.00
pink morsel,$3.00,566,2020-12-31,south,$1698.00
pink morsel,$3.00,590,2020-12-31,east,$1770.00
pink morsel,$3.00,550,2020-12-31,west,$1650.00
pink morsel,$3.00,512,2021-01-01,north,$1536.00
pink morsel,$3.00,514,2021-01-01,south,$1542.00
pink morsel,$3.00,557,2021-01-01,east,$1671.00
pink morsel,$3.00,584,2021-01-01,west,$1752.00
pink morsel,$3.00,598,2021-01-02,north,$1794.00
pink morsel,$3.00,540,2021-01-02,south,$1620.00
pink morsel,$3.00,528,2021-01-02,east,$1584.00
pink morsel,$3.00,501,2021-01-02,west,$1503.00
pink morsel,$3.00,586,2021-01-03,north,$1758.00
pink morsel,$3.00,526,2021-01-03,south,$1578.00
pink morsel,$3.00,559,2021-01-03,east,$1677.00
pink morsel,$3.00,574,2021-01-03,west,$1722.00
pink morsel,$3.00,530,2021-01-04,north,$1590.00
pink morsel,$3.00,595,2021-01-04,south,$1785.00
pink morsel,$3.00,577,2021-01-04,east,$1731.00
pink morsel,$3.00,562,2021-01-04,west,$1686.00
pink morsel,$3.00,512,2021-01-05,north,$1536.00
pink morsel,$3.00,526,2021-01-05,south,$1578.00
pink morsel,$3.00,561,2021-01-05,east,$1683.00
pink morsel,$3.00,536,2021-01-05,west,$1608.00
pink morsel,$3.00,581,2021-01-06,north,$1743.00
pink morsel,$3.00,581,2021-01-06,south,$1743.00
pink morsel,$3.00,546,2021-01-06,east,$1638.00
pink morsel,$3.00,596,2021-01-06,west,$1788.00
pink morsel,$3.00,572,2021-01-07,north,$1716.00
pink morsel,$3.00,534,2021-01-07,south,$1602.00
pink morsel,$3.00,532,2021-01-07,east,$1596.00
pink morsel,$3.00,599,2021-01-07,west,$1797.00
pink morsel,$3.00,554,2021-01-08,north,$1662.00
pink morsel,$3.00,556,2021-01-08,south,$1668.00
pink morsel,$3.00,554,2021-01-08,east,$1662.00
pink morsel,$3.00,507,2021-01-08,west,$1521.00
pink morsel,$3.00,521,2021-01-09,north,$1563.00
pink morsel,$3.00,549,2021-01-09,south,$1647.00
pink morsel,$3.00,581,2021-01-09,east,$1743.00
pink morsel,$3.00,551,2021-01-09,west,$1653.00
pink morsel,$3.00,577,2021-01-10,north,$1731.00
pink morsel,$3.00,536,2021-01-10,south,$1608.00
pink morsel,$3.00,504,2021-01-10,east,$1512.00
pink morsel,$3.00,515,2021-01-10,west,$1545.00
pink morsel,$3.00,580,2021-01-11,north,$1740.00
pink morsel,$3.00,537,2021-01-11,south,$1611.00
pink morsel,$3.00,512,2021-01-11,east,$1536.00
pink morsel,$3.00,542,2021-01-11,west,$1626.00
pink morsel,$3.00,538,2021-01-12,north,$1614.00
pink morsel,$3.00,524,2021-01-12,south,$1572.00
pink morsel,$3.00,513,2021-01-12,east,$1539.00
pink morsel,$3.00,535,2021-01-12,west,$1605.00
pink morsel,$3.00,515,2021-01-13,north,$1545.00
pink morsel,$3.00,514,2021-01-13,south,$1542.00
pink morsel,$3.00,593,2021-01-13,east,$1779.00
pink morsel,$3.00,560,2021-01-13,west,$1680.00
pink morsel,$3.00,567,2021-01-14,north,$1701.00
pink morsel,$3.00,559,2021-01-14,south,$1677.00
pink morsel,$3.00,538,2021-01-14,east,$1614.00
pink morsel,$3.00,530,2021-01-14,west,$1590.00
pink morsel,$5.00,405,2021-01-15,north,$2025.00
pink morsel,$5.00,439,2021-01-15,south,$2195.00
pink morsel,$5.00,436,2021-01-15,east,$2180.00
pink morsel,$5.00,479,2021-01-15,west,$2395.00
pink morsel,$5.00,422,2021-01-16,north,$2110.00
pink morsel,$5.00,429,2021-01-16,south,$2145.00
pink morsel,$5.00,468,2021-01-16,east,$2340.00
pink morsel,$5.00,478,2021-01-16,west,$2390.00
pink morsel,$5.00,495,2021-01-17,north,$2475.00
pink morsel,$5.00,464,2021-01-17,south,$2320.00
pink morsel,$5.00,421,2021-01-17,east,$2105.00
pink morsel,$5.00,418,2021-01-17,west,$2090.00
pink morsel,$5.00,410,2021-01-18,north,$2050.00
pink morsel,$5.00,482,2021-01-18,south,$2410.00
pink morsel,$5.00,425,2021-01-18,east,$2125.00
pink morsel,$5.00,465,2021-01-18,west,$2325.00
pink morsel,$5.00,467,2021-01-19,north,$2335.00
pink morsel,$5.00,421,2021-01-19,south,$2105.00
pink morsel,$5.00,468,2021-01-19,east,$2340.00
pink morsel,$5.00,484,2021-01-19,west,$2420.00
pink morsel,$5.00,483,2021-01-20,north,$2415.00
pink morsel,$5.00,499,2021-01-20,south,$2495.00
pink morsel,$5.00,414,2021-01-20,east,$2070.00
pink morsel,$5.00,481,2021-01-20,west,$2405.00
pink morsel,$5.00,418,2021-01-21,north,$2090.00
pink morsel,$5.00,429,2021-01-21,south,$2145.00
pink morsel,$5.00,449,2021-01-21,east,$2245.00
pink morsel,$5.00,466,2021-01-21,west,$2330.00
pink morsel,$5.00,492,2021-01-22,north,$2460.00
pink morsel,$5.00,446,2021-01-22,south,$2230.00
pink morsel,$5.00,402,2021-01-22,east,$2010.00
pink morsel,$5.00,476,2021-01-22,west,$2380.00
pink morsel,$5.00,405,2021-01-23,north,$2025.00
pink morsel,$5.00,417,2021-01-23,south,$2085.00
pink morsel,$5.00,484,2021-01-23,east,$2420.00
pink morsel,$5.00,435,2021-01-23,west,$2175.00
pink morsel,$5.00,403,2021-01-24,north,$2015.00
pink morsel,$5.00,489,2021-01-24,south,$2445.00
pink morsel,$5.00,451,2021-01-24,east,$2255.00
pink morsel,$5.00,417,2021-01-24,west,$2085.00
pink morsel,$5.00,442,2021-01-25,north,$2210.00
pink morsel,$5.00,429,2021-01-25,south,$2145.00
pink morsel,$5.00,440,2021-01-25,east,$2200.00
pink morsel,$5.00,432,2021-01-25,west,$2160.00
pink morsel,$5.00,410,2021-01-26,north,$2050.00
pink morsel,$5.00,456,2021-01-26,south,$2280.00
pink morsel,$5.00,433,2021-01-26,east,$2165.00
pink morsel,$5.00,469,2021-01-26,west,$2345.00
pink morsel,$5.00,400,2021-01-27,north,$2000.00
pink morsel,$5.00,402,2021-01-27,south,$2010.00
pink morsel,$5.00,412,2021-01-27,east,$2060.00
pink morsel,$5.00,404,2021-01-27,west,$2020.00
pink morsel,$5.00,428,2021-01-28,north,$2140.00
pink morsel,$5.00,462,2021-01-28,south,$2310.00
pink morsel,$5.00,457,2021-01-28,east,$2285.00
pink morsel,$5.00,401,2021-01-28,west,$2005.00
pink morsel,$5.00,459,2021-01-29,north,$2295.00
pink morsel,$5.00,439,2021-01-29,south,$2195.00
pink morsel,$5.00,493,2021-01-29,east,$2465.00
pink morsel,$5.00,419,2021-01-29,west,$2095.00
pink morsel,$5.00,480,2021-01-30,north,$2400.00
pink morsel,$5.00,458,2021-01-30,south,$2290.00
pink morsel,$5.00,474,2021-01-30,east,$2370.00
pink morsel,$5.00,433,2021-01-30,west,$2165.00
pink morsel,$5.00,486,2021-01-31,north,$2430.00
pink morsel,$5.00,452,2021-01-31,south,$2260.00
pink morsel,$5.00,443,2021-01-31,east,$2215.00
pink morsel,$5.00,429,2021-01-31,west,$2145.00
pink morsel,$5.00,470,2021-02-01,north,$2350.00
pink morsel,$5.00,436,2021-02-01,south,$2180.00
pink morsel,$5.00,458,2021-02-01,east,$2290.00
pink morsel,$5.00,423,2021-02-01,west,$2115.00
pink morsel,$5.00,463,2021-02-02,north,$2315.00
pink morsel,$5.00,420,2021-02-02,south,$2100.00
pink morsel,$5.00,486,2021-02-02,east,$2430.00
pink morsel,$5.00,443,2021-02-02,west,$2215.00
pink morsel,$5.00,400,2021-02-03,north,$2000.00
pink morsel,$5.00,471,2021-02-03,south,$2355.00
pink morsel,$5.00,422,2021-02-03,east,$2110.00
pink morsel,$5.00,448,2021-02-03,west,$2240.00
pink morsel,$5.00,476,2021-02-04,north,$2380.00
pink morsel,$5.00,461,2021-02-04,south,$2305.00
pink morsel,$5.00,460,2021-02-04,east,$2300.00
pink morsel,$5.00,424,2021-02-04,west,$2120.00
pink morsel,$5.00,437,2021-02-05,north,$2185.00
pink morsel,$5.00,459,2021-02-05,south,$2295.00
pink morsel,$5.00,443,2021-02-05,east,$2215.00
pink morsel,$5.00,410,2021-02-05,west,$2050.00
pink morsel,$5.00,445,2021-02-06,north,$2225.00
pink morsel,$5.00,481,2021-02-06,south,$2405.00
pink morsel,$5.00,419,2021-02-06,east,$2095.00
pink morsel,$5.00,440,2021-02-06,west,$2200.00
pink morsel,$5.00,414,2021-02-07,north,$2070.00
pink morsel,$5.00,413,2021-02-07,south,$2065.00
pink morsel,$5.00,416,2021-02-07,east,$2080.00
pink morsel,$5.00,402,2021-02-07,west,$2010.00
pink morsel,$5.00,479,2021-02-08,north,$2395.00
pink morsel,$5.00,469,2021-02-08,south,$2345.00
pink morsel,$5.00,417,2021-02-08,east,$2085.00
pink morsel,$5.00,450,2021-02-08,west,$2250.00
pink morsel,$5.00,409,2021-02-09,north,$2045.00
pink morsel,$5.00,469,2021-02-09,south,$2345.00
pink morsel,$5.00,491,2021-02-09,east,$2455.00
pink morsel,$5.00,452,2021-02-09,west,$2260.00
pink morsel,$5.00,426,2021-02-10,north,$2130.00
pink morsel,$5.00,407,2021-02-10,south,$2035.00
pink morsel,$5.00,409,2021-02-10,east,$2045.00
pink morsel,$5.00,429,2021-02-10,west,$2145.00
pink morsel,$5.00,464,2021-02-11,north,$2320.00
pink morsel,$5.00,470,2021-02-11,south,$2350.00
pink morsel,$5.00,417,2021-02-11,east,$2085.00
pink morsel,$5.00,432,2021-02-11,west,$2160.00
pink morsel,$5.00,475,2021-02-12,north,$2375.00
pink morsel,$5.00,446,2021-02-12,south,$2230.00
pink morsel,$5.00,446,2021-02-12,east,$2230.00
pink morsel,$5.00,426,2021-02-12,west,$2130.00
pink morsel,$5.00,485,2021-02-13,north,$2425.00
pink morsel,$5.00,493,2021-02-13,south,$2465.00
pink morsel,$5.00,421,2021-02-13,east,$2105.00
pink morsel,$5.00,497,2021-02-13,west,$2485.00
pink morsel,$5.00,468,2021-02-14,north,$2340.00
pink morsel,$5.00,448,2021-02-14,south,$2240.00
pink morsel,$5.00,457,2021-02-14,east,$2285.00
pink morsel,$5.00,475,2021-02-14,west,$2375.00
pink morsel,$5.00,422,2021-02-15,north,$2110.00
pink morsel,$5.00,465,2021-02-15,south,$2325.00
pink morsel,$5.00,453,2021-02-15,east,$2265.00
pink morsel,$5.00,435,2021-02-15,west,$2175.00
pink morsel,$5.00,459,2021-02-16,north,$2295.00
pink morsel,$5.00,450,2021-02-16,south,$2250.00
pink morsel,$5.00,436,2021-02-16,east,$2180.00
pink morsel,$5.00,493,2021-02-16,west,$2465.00
pink morsel,$5.00,476,2021-02-17,north,$2380.00
pink morsel,$5.00,426,2021-02-17,south,$2130.00
pink morsel,$5.00,470,2021-02-17,east,$2350.00
pink morsel,$5.00,494,2021-02-17,west,$2470.00
pink morsel,$5.00,401,2021-02-18,north,$2005.00
pink morsel,$5.00,425,2021-02-18,south,$2125.00
pink morsel,$5.00,496,2021-02-18,east,$2480.00
pink morsel,$5.00,448,2021-02-18,west,$2240.00
pink morsel,$5.00,425,2021-02-19,north,$2125.00
pink morsel,$5.00,485,2021-02-19,south,$2425.00
pink morsel,$5.00,410,2021-02-19,east,$2050.00
pink morsel,$5.00,409,2021-02-19,west,$2045.00
pink morsel,$5.00,452,2021-02-20,north,$2260.00
pink morsel,$5.00,421,2021-02-20,south,$2105.00
pink morsel,$5.00,484,2021-02-20,east,$2420.00
pink morsel,$5.00,480,2021-02-20,west,$2400.00
pink morsel,$5.00,469,2021-02-21,north,$2345.00
pink morsel,$5.00,408,2021-02-21,south,$2040.00
pink morsel,$5.00,434,2021-02-21,east,$2170.00
pink morsel,$5.00,489,2021-02-21,west,$2445.00
pink morsel,$5.00,429,2021-02-22,north,$2145.00
pink morsel,$5.00,410,2021-02-22,south,$2050.00
pink morsel,$5.00,440,2021-02-22,east,$2200.00
pink morsel,$5.00,428,2021-02-22,west,$2140.00
pink morsel,$5.00,498,2021-02-23,north,$2490.00
pink morsel,$5.00,474,2021-02-23,south,$2370.00
pink morsel,$5.00,411,2021-02-23,east,$2055.00
pink morsel,$5.00,476,2021-02-23,west,$2380.00
pink morsel,$5.00,466,2021-02-24,north,$2330.00
pink morsel,$5.00,484,2021-02-24,south,$2420.00
pink morsel,$5.00,447,2021-02-24,east,$2235.00
pink morsel,$5.00,409,2021-02-24,west,$2045.00
pink morsel,$5.00,441,2021-02-25,north,$2205.00
pink morsel,$5.00,413,2021-02-25,south,$2065.00
pink morsel,$5.00,460,2021-02-25,east,$2300.00
pink morsel,$5.00,407,2021-02-25,west,$2035.00
pink morsel,$5.00,491,2021-02-26,north,$2455.00
pink morsel,$5.00,470,2021-02-26,south,$2350.00
pink morsel,$5.00,454,2021-02-26,east,$2270.00
pink morsel,$5.00,463,2021-02-26,west,$2315.00
pink morsel,$5.00,400,2021-02-27,north,$2000.00
pink morsel,$5.00,461,2021-02-27,south,$2305.00
pink morsel,$5.00,430,2021-02-27,east,$2150.00
pink morsel,$5.00,461,2021-02-27,west,$2305.00
pink morsel,$5.00,429,2021-02-28,north,$2145.00
pink morsel,$5.00,431,2021-02-28,south,$2155.00
pink morsel,$5.00,458,2021-02-28,east,$2290.00
pink morsel,$5.00,431,2021-02-28,west,$2155.00
pink morsel,$5.00,472,2021-03-01,north,$2360.00
pink morsel,$5.00,486,2021-03-01,south,$2430.00
pink morsel,$5.00,437,2021-03-01,east,$2185.00
pink morsel,$5.00,449,2021-03-01,west,$2245.00
pink morsel,$5.00,474,2021-03-02,north,$2370.00
pink morsel,$5.00,460,2021-03-02,south,$2300.00
pink morsel,$5.00,443,2021-03-02,east,$2215.00
pink morsel,$5.00,445,2021-03-02,west,$2225.00
pink morsel,$5.00,481,2021-03-03,north,$2405.00
pink morsel,$5.00,400,2021-03-03,south,$2000.00
pink morsel,$5.00,405,2021-03-03,east,$2025.00
pink morsel,$5.00,476,2021-03-03,west,$2380.00
pink morsel,$5.00,478,2021-03-04,north,$2390.00
pink morsel,$5.00,467,2021-03-04,south,$2335.00
pink morsel,$5.00,441,2021-03-04,east,$2205.00
pink morsel,$5.00,407,2021-03-04,west,$2035.00
pink morsel,$5.00,416,2021-03-05,north,$2080.00
pink morsel,$5.00,468,2021-03-05,south,$2340.00
pink morsel,$5.00,409,2021-03-05,east,$2045.00
pink morsel,$5.00,401,2021-03-05,west,$2005.00
pink morsel,$5.00,415,2021-03-06,north,$2075.00
pink morsel,$5.00,438,2021-03-06,south,$2190.00
pink morsel,$5.00,461,2021-03-06,east,$2305.00
pink morsel,$5.00,438,2021-03-06,west,$2190.00
pink morsel,$5.00,444,2021-03-07,north,$2220.00
pink morsel,$5.00,405,2021-03-07,south,$2025.00
pink morsel,$5.00,470,2021-03-07,east,$2350.00
pink morsel,$5.00,485,2021-03-07,west,$2425.00
pink morsel,$5.00,434,2021-03-08,north,$2170.00
pink morsel,$5.00,419,2021-03-08,south,$2095.00
pink morsel,$5.00,495,2021-03-08,east,$2475.00
pink morsel,$5.00,479,2021-03-08,west,$2395.00
pink morsel,$5.00,476,2021-03-09,north,$2380.00
pink morsel,$5.00,400,2021-03-09,south,$2000.00
pink morsel,$5.00,436,2021-03-09,east,$2180.00
pink morsel,$5.00,473,2021-03-09,west,$2365.00
pink morsel,$5.00,476,2021-03-10,north,$2380.00
pink morsel,$5.00,464,2021-03-10,south,$2320.00
pink morsel,$5.00,401,2021-03-10,east,$2005.00
pink morsel,$5.00,454,2021-03-10,west,$2270.00
pink morsel,$5.00,401,2021-03-11,north,$2005.00
pink morsel,$5.00,482,2021-03-11,south,$2410.00
pink morsel,$5.00,413,2021-03-11,east,$2065.00
pink morsel,$5.00,434,2021-03-11,west,$2170.00
pink morsel,$5.00,435,2021-03-12,north,$2175.00
pink morsel,$5.00,462,2021-03-12,south,$2310.00
pink morsel,$5.00,498,2021-03-12,east,$2490.00
pink morsel,$5.00,480,2021-03-12,west,$2400.00
pink morsel,$5.00,413,2021-03-13,north,$2065.00
pink morsel,$5.00,433,2021-03-13,south,$2165.00
pink morsel,$5.00,461,2021-03-13,east,$2305.00
pink morsel,$5.00,420,2021-03-13,west,$2100.00
pink morsel,$5.00,449,2021-03-14,north,$2245.00
pink morsel,$5.00,473,2021-03-14,south,$2365.00
pink morsel,$5.00,460,2021-03-14,east,$2300.00
pink morsel,$5.00,468,2021-03-14,west,$2340.00
pink morsel,$5.00,466,2021-03-15,north,$2330.00
pink morsel,$5.00,489,2021-03-15,south,$2445.00
pink morsel,$5.00,478,2021-03-15,east,$2390.00
pink morsel,$5.00,442,2021-03-15,west,$2210.00
pink morsel,$5.00,473,2021-03-16,north,$2365.00
pink morsel,$5.00,500,2021-03-16,south,$2500.00
pink morsel,$5.00,447,2021-03-16,east,$2235.00
pink morsel,$5.00,496,2021-03-16,west,$2480.00
pink morsel,$5.00,413,2021-03-17,north,$2065.00
pink morsel,$5.00,465,2021-03-17,south,$2325.00
pink morsel,$5.00,496,2021-03-17,east,$2480.00
pink morsel,$5.00,453,2021-03-17,west,$2265.00
pink morsel,$5.00,488,2021-03-18,north,$2440.00
pink morsel,$5.00,404,2021-03-18,south,$2020.00
pink morsel,$5.00,423,2021-03-18,east,$2115.00
pink morsel,$5.00,415,2021-03-18,west,$2075.00
pink morsel,$5.00,407,2021-03-19,north,$2035.00
pink morsel,$5.00,499,2021-03-19,south,$2495.00
pink morsel,$5.00,468,2021-03-19,east,$2340.00
pink morsel,$5.00,444,2021-03-19,west,$2220.00
pink morsel,$5.00,476,2021-03-20,north,$2380.00
pink morsel,$5.00,472,2021-03-20,south,$2360.00
pink morsel,$5.00,465,2021-03-20,east,$2325.00
pink morsel,$5.00,468,2021-03-20,west,$2340.00
pink morsel,$5.00,460,2021-03-21,north,$2300.00
pink morsel,$5.00,406,2021-03-21,south,$2030.00
pink morsel,$5.00,422,2021-03-21,east,$2110.00
pink morsel,$5.00,498,2021-03-21,west,$2490.00
pink morsel,$5.00,484,2021-03-22,north,$2420.00
pink morsel,$5.00,406,2021-03-22,south,$2030.00
pink morsel,$5.00,490,2021-03-22,east,$2450.00
pink morsel,$5.00,463,2021-03-22,west,$2315.00
pink morsel,$5.00,494,2021-03-23,north,$2470.00
pink morsel,$5.00,448,2021-03-23,south,$2240.00
pink morsel,$5.00,431,2021-03-23,east,$2155.00
pink morsel,$5.00,401,2021-03-23,west,$2005.00
pink morsel,$5.00,401,2021-03-24,north,$2005.00
pink morsel,$5.00,415,2021-03-24,south,$2075.00
pink morsel,$5.00,416,2021-03-24,east,$2080.00
pink morsel,$5.00,479,2021-03-24,west,$2395.00
pink morsel,$5.00,487,2021-03-25,north,$2435.00
pink morsel,$5.00,411,2021-03-25,south,$2055.00
pink morsel,$5.00,426,2021-03-25,east,$2130.00
pink morsel,$5.00,473,2021-03-25,west,$2365.00
pink morsel,$5.00,464,2021-03-26,north,$2320.00
pink morsel,$5.00,465,2021-03-26,south,$2325.00
pink morsel,$5.00,442,2021-03-26,east,$2210.00
pink morsel,$5.00,445,2021-03-26,west,$2225.00
pink morsel,$5.00,493,2021-03-27,north,$2465.00
pink morsel,$5.00,435,2021-03-27,south,$2175.00
pink morsel,$5.00,429,2021-03-27,east,$2145.00
pink morsel,$5.00,417,2021-03-27,west,$2085.00
pink morsel,$5.00,462,2021-03-28,north,$2310.00
pink morsel,$5.00,414,2021-03-28,south,$2070.00
pink morsel,$5.00,471,2021-03-28,east,$2355.00
pink morsel,$5.00,482,2021-03-28,west,$2410.00
pink morsel,$5.00,495,2021-03-29,north,$2475.00
pink morsel,$5.00,401,2021-03-29,south,$2005.00
pink morsel,$5.00,405,2021-03-29,east,$2025.00
pink morsel,$5.00,453,2021-03-29,west,$2265.00
pink morsel,$5.00,418,2021-03-30,north,$2090.00
pink morsel,$5.00,478,2021-03-30,south,$2390.00
pink morsel,$5.00,482,2021-03-30,east,$2410.00
pink morsel,$5.00,407,2021-03-30,west,$2035.00
pink morsel,$5.00,495,2021-03-31,north,$2475.00
pink morsel,$5.00,427,2021-03-31,south,$2135.00
pink morsel,$5.00,488,2021-03-31,east,$2440.00
pink morsel,$5.00,421,2021-03-31,west,$2105.00
pink morsel,$5.00,481,2021-04-01,north,$2405.00
pink morsel,$5.00,400,2021-04-01,south,$2000.00
pink morsel,$5.00,496,2021-04-01,east,$2480.00
pink morsel,$5.00,499,2021-04-01,west,$2495.00
pink morsel,$5.00,452,2021-04-02,north,$2260.00
pink morsel,$5.00,420,2021-04-02,south,$2100.00
pink morsel,$5.00,496,2021-04-02,east,$2480.00
pink morsel,$5.00,465,2021-04-02,west,$2325.00
pink morsel,$5.00,469,2021-04-03,north,$2345.00
pink morsel,$5.00,401,2021-04-03,south,$2005.00
pink morsel,$5.00,435,2021-04-03,east,$2175.00
pink morsel,$5.00,466,2021-04-03,west,$2330.00
pink morsel,$5.00,496,2021-04-04,north,$2480.00
pink morsel,$5.00,491,2021-04-04,south,$2455.00
pink morsel,$5.00,433,2021-04-04,east,$2165.00
pink morsel,$5.00,471,2021-04-04,west,$2355.00
pink morsel,$5.00,454,2021-04-05,north,$2270.00
pink morsel,$5.00,483,2021-04-05,south,$2415.00
pink morsel,$5.00,430,2021-04-05,east,$2150.00
pink morsel,$5.00,443,2021-04-05,west,$2215.00
pink morsel,$5.00,488,2021-04-06,north,$2440.00
pink morsel,$5.00,487,2021-04-06,south,$2435.00
pink morsel,$5.00,451,2021-04-06,east,$2255.00
pink morsel,$5.00,452,2021-04-06,west,$2260.00
pink morsel,$5.00,404,2021-04-07,north,$2020.00
pink morsel,$5.00,425,2021-04-07,south,$2125.00
pink morsel,$5.00,424,2021-04-07,east,$2120.00
pink morsel,$5.00,414,2021-04-07,west,$2070.00
pink morsel,$5.00,427,2021-04-08,north,$2135.00
pink morsel,$5.00,410,2021-04-08,south,$2050.00
pink morsel,$5.00,480,2021-04-08,east,$2400.00
pink morsel,$5.00,408,2021-04-08,west,$2040.00
pink morsel,$5.00,453,2021-04-09,north,$2265.00
pink morsel,$5.00,468,2021-04-09,south,$2340.00
pink morsel,$5.00,449,2021-04-09,east,$2245.00
pink morsel,$5.00,490,2021-04-09,west,$2450.00
pink morsel,$5.00,477,2021-04-10,north,$2385.00
pink morsel,$5.00,451,2021-04-10,south,$2255.00
pink morsel,$5.00,413,2021-04-10,east,$2065.00
pink morsel,$5.00,459,2021-04-10,west,$2295.00
pink morsel,$5.00,483,2021-04-11,north,$2415.00
pink morsel,$5.00,471,2021-04-11,south,$2355.00
pink morsel,$5.00,485,2021-04-11,east,$2425.00
pink morsel,$5.00,430,2021-04-11,west,$2150.00
pink morsel,$5.00,457,2021-04-12,north,$2285.00
pink morsel,$5.00,463,2021-04-12,south,$2315.00
pink morsel,$5.00,416,2021-04-12,east,$2080.00
pink morsel,$5.00,461,2021-04-12,west,$2305.00
pink morsel,$5.00,423,2021-04-13,north,$2115.00
pink morsel,$5.00,476,2021-04-13,south,$2380.00
pink morsel,$5.00,439,2021-04-13,east,$2195.00
pink morsel,$5.00,465,2021-04-13,west,$2325.00
pink morsel,$5.00,409,2021-04-14,north,$2045.00
pink morsel,$5.00,474,2021-04-14,south,$2370.00
pink morsel,$5.00,497,2021-04-14,east,$2485.00
pink morsel,$5.00,417,2021-04-14,west,$2085.00
pink morsel,$5.00,437,2021-04-15,north,$2185.00
pink morsel,$5.00,455,2021-04-15,south,$2275.00
pink morsel,$5.00,410,2021-04-15,east,$2050.00
pink morsel,$5.00,464,2021-04-15,west,$2320.00
pink morsel,$5.00,467,2021-04-16,north,$2335.00
pink morsel,$5.00,483,2021-04-16,south,$2415.00
pink morsel,$5.00,423,2021-04-16,east,$2115.00
pink morsel,$5.00,476,2021-04-16,west,$2380.00
pink morsel,$5.00,475,2021-04-17,north,$2375.00
pink morsel,$5.00,450,2021-04-17,south,$2250.00
pink morsel,$5.00,483,2021-04-17,east,$2415.00
pink morsel,$5.00,479,2021-04-17,west,$2395.00
pink morsel,$5.00,401,2021-04-18,north,$2005.00
pink morsel,$5.00,443,2021-04-18,south,$2215.00
pink morsel,$5.00,481,2021-04-18,east,$2405.00
pink morsel,$5.00,453,2021-04-18,west,$2265.00
pink morsel,$5.00,432,2021-04-19,north,$2160.00
pink morsel,$5.00,423,2021-04-19,south,$2115.00
pink morsel,$5.00,435,2021-04-19,east,$2175.00
pink morsel,$5.00,484,2021-04-19,west,$2420.00
pink morsel,$5.00,458,2021-04-20,north,$2290.00
pink morsel,$5.00,423,2021-04-20,south,$2115.00
pink morsel,$5.00,422,2021-04-20,east,$2110.00
pink morsel,$5.00,479,2021-04-20,west,$2395.00
pink morsel,$5.00,480,2021-04-21,north,$2400.00
pink morsel,$5.00,439,2021-04-21,south,$2195.00
pink morsel,$5.00,419,2021-04-21,east,$2095.00
pink morsel,$5.00,466,2021-04-21,west,$2330.00
pink morsel,$5.00,447,2021-04-22,north,$2235.00
pink morsel,$5.00,439,2021-04-22,south,$2195.00
pink morsel,$5.00,496,2021-04-22,east,$2480.00
pink morsel,$5.00,454,2021-04-22,west,$2270.00
pink morsel,$5.00,456,2021-04-23,north,$2280.00
pink morsel,$5.00,413,2021-04-23,south,$2065.00
pink morsel,$5.00,413,2021-04-23,east,$2065.00
pink morsel,$5.00,452,2021-04-23,west,$2260.00
pink morsel,$5.00,488,2021-04-24,north,$2440.00
pink morsel,$5.00,426,2021-04-24,south,$2130.00
pink morsel,$5.00,469,2021-04-24,east,$2345.00
pink morsel,$5.00,404,2021-04-24,west,$2020.00
pink morsel,$5.00,455,2021-04-25,north,$2275.00
pink morsel,$5.00,475,2021-04-25,south,$2375.00
pink morsel,$5.00,468,2021-04-25,east,$2340.00
pink morsel,$5.00,460,2021-04-25,west,$2300.00
pink morsel,$5.00,452,2021-04-26,north,$2260.00
pink morsel,$5.00,459,2021-04-26,south,$2295.00
pink morsel,$5.00,459,2021-04-26,east,$2295.00
pink morsel,$5.00,423,2021-04-26,west,$2115.00
pink morsel,$5.00,419,2021-04-27,north,$2095.00
pink morsel,$5.00,402,2021-04-27,south,$2010.00
pink morsel,$5.00,449,2021-04-27,east,$2245.00
pink morsel,$5.00,449,2021-04-27,west,$2245.00
pink morsel,$5.00,477,2021-04-28,north,$2385.00
pink morsel,$5.00,446,2021-04-28,south,$2230.00
pink morsel,$5.00,457,2021-04-28,east,$2285.00
pink morsel,$5.00,423,2021-04-28,west,$2115.00
pink morsel,$5.00,430,2021-04-29,north,$2150.00
pink morsel,$5.00,413,2021-04-29,south,$2065.00
pink morsel,$5.00,422,2021-04-29,east,$2110.00
pink morsel,$5.00,435,2021-04-29,west,$2175.00
pink morsel,$5.00,464,2021-04-30,north,$2320.00
pink morsel,$5.00,487,2021-04-30,south,$2435.00
pink morsel,$5.00,410,2021-04-30,east,$2050.00
pink morsel,$5.00,433,2021-04-30,west,$2165.00
pink morsel,$5.00,492,2021-05-01,north,$2460.00
pink morsel,$5.00,433,2021-05-01,south,$2165.00
pink morsel,$5.00,422,2021-05-01,east,$2110.00
pink morsel,$5.00,464,2021-05-01,west,$2320.00
pink morsel,$5.00,461,2021-05-02,north,$2305.00
pink morsel,$5.00,429,2021-05-02,south,$2145.00
pink morsel,$5.00,492,2021-05-02,east,$2460.00
pink morsel,$5.00,452,2021-05-02,west,$2260.00
pink morsel,$5.00,471,2021-05-03,north,$2355.00
pink morsel,$5.00,414,2021-05-03,south,$2070.00
pink morsel,$5.00,491,2021-05-03,east,$2455.00
pink morsel,$5.00,418,2021-05-03,west,$2090.00
pink morsel,$5.00,454,2021-05-04,north,$2270.00
pink morsel,$5.00,485,2021-05-04,south,$2425.00
pink morsel,$5.00,483,2021-05-04,east,$2415.00
pink morsel,$5.00,413,2021-05-04,west,$2065.00
pink morsel,$5.00,463,2021-05-05,north,$2315.00
pink morsel,$5.00,424,2021-05-05,south,$2120.00
pink morsel,$5.00,466,2021-05-05,east,$2330.00
pink morsel,$5.00,459,2021-05-05,west,$2295.00
pink morsel,$5.00,424,2021-05-06,north,$2120.00
pink morsel,$5.00,410,2021-05-06,south,$2050.00
pink morsel,$5.00,428,2021-05-06,east,$2140.00
pink morsel,$5.00,446,2021-05-06,west,$2230.00
pink morsel,$5.00,418,2021-05-07,north,$2090.00
pink morsel,$5.00,467,2021-05-07,south,$2335.00
pink morsel,$5.00,425,2021-05-07,east,$2125.00
pink morsel,$5.00,476,2021-05-07,west,$2380.00
pink morsel,$5.00,418,2021-05-08,north,$2090.00
pink morsel,$5.00,498,2021-05-08,south,$2490.00
pink morsel,$5.00,440,2021-05-08,east,$2200.00
pink morsel,$5.00,409,2021-05-08,west,$2045.00
pink morsel,$5.00,428,2021-05-09,north,$2140.00
pink morsel,$5.00,423,2021-05-09,south,$2115.00
pink morsel,$5.00,409,2021-05-09,east,$2045.00
pink morsel,$5.00,477,2021-05-09,west,$2385.00
pink morsel,$5.00,450,2021-05-10,north,$2250.00
pink morsel,$5.00,465,2021-05-10,south,$2325.00
pink morsel,$5.00,465,2021-05-10,east,$2325.00
pink morsel,$5.00,480,2021-05-10,west,$2400.00
pink morsel,$5.00,424,2021-05-11,north,$2120.00
pink morsel,$5.00,433,2021-05-11,south,$2165.00
pink morsel,$5.00,435,2021-05-11,east,$2175.00
pink morsel,$5.00,438,2021-05-11,west,$2190.00
pink morsel,$5.00,431,2021-05-12,north,$2155.00
pink morsel,$5.00,465,2021-05-12,south,$2325.00
pink morsel,$5.00,405,2021-05-12,east,$2025.00
pink morsel,$5.00,491,2021-05-12,west,$2455.00
pink morsel,$5.00,466,2021-05-13,north,$2330.00
pink morsel,$5.00,442,2021-05-13,south,$2210.00
pink morsel,$5.00,402,2021-05-13,east,$2010.00
pink morsel,$5.00,464,2021-05-13,west,$2320.00
pink morsel,$5.00,427,2021-05-14,north,$2135.00
pink morsel,$5.00,500,2021-05-14,south,$2500.00
pink morsel,$5.00,428,2021-05-14,east,$2140.00
pink morsel,$5.00,438,2021-05-14,west,$2190.00
pink morsel,$5.00,448,2021-05-15,north,$2240.00
pink morsel,$5.00,436,2021-05-15,south,$2180.00
pink morsel,$5.00,404,2021-05-15,east,$2020.00
pink morsel,$5.00,478,2021-05-15,west,$2390.00
pink morsel,$5.00,475,2021-05-16,north,$2375.00
pink morsel,$5.00,410,2021-05-16,south,$2050.00
pink morsel,$5.00,416,2021-05-16,east,$2080.00
pink morsel,$5.00,411,2021-05-16,west,$2055.00
pink morsel,$5.00,404,2021-05-17,north,$2020.00
pink morsel,$5.00,494,2021-05-17,south,$2470.00
pink morsel,$5.00,444,2021-05-17,east,$2220.00
pink morsel,$5.00,451,2021-05-17,west,$2255.00
pink morsel,$5.00,437,2021-05-18,north,$2185.00
pink morsel,$5.00,491,2021-05-18,south,$2455.00
pink morsel,$5.00,454,2021-05-18,east,$2270.00
pink morsel,$5.00,483,2021-05-18,west,$2415.00
pink morsel,$5.00,480,2021-05-19,north,$2400.00
pink morsel,$5.00,460,2021-05-19,south,$2300.00
pink morsel,$5.00,435,2021-05-19,east,$2175.00
pink morsel,$5.00,404,2021-05-19,west,$2020.00
pink morsel,$5.00,439,2021-05-20,north,$2195.00
pink morsel,$5.00,410,2021-05-20,south,$2050.00
pink morsel,$5.00,411,2021-05-20,east,$2055.00
pink morsel,$5.00,460,2021-05-20,west,$2300.00
pink morsel,$5.00,496,2021-05-21,north,$2480.00
pink morsel,$5.00,448,2021-05-21,south,$2240.00
pink morsel,$5.00,405,2021-05-21,east,$2025.00
pink morsel,$5.00,496,2021-05-21,west,$2480.00
pink morsel,$5.00,486,2021-05-22,north,$2430.00
pink morsel,$5.00,420,2021-05-22,south,$2100.00
pink morsel,$5.00,484,2021-05-22,east,$2420.00
pink morsel,$5.00,482,2021-05-22,west,$2410.00
pink morsel,$5.00,431,2021-05-23,north,$2155.00
pink morsel,$5.00,469,2021-05-23,south,$2345.00
pink morsel,$5.00,409,2021-05-23,east,$2045.00
pink morsel,$5.00,448,2021-05-23,west,$2240.00
pink morsel,$5.00,478,2021-05-24,north,$2390.00
pink morsel,$5.00,442,2021-05-24,south,$2210.00
pink morsel,$5.00,421,2021-05-24,east,$2105.00
pink morsel,$5.00,415,2021-05-24,west,$2075.00
pink morsel,$5.00,404,2021-05-25,north,$2020.00
pink morsel,$5.00,421,2021-05-25,south,$2105.00
pink morsel,$5.00,459,2021-05-25,east,$2295.00
pink morsel,$5.00,401,2021-05-25,west,$2005.00
pink morsel,$5.00,495,2021-05-26,north,$2475.00
pink morsel,$5.00,442,2021-05-26,south,$2210.00
pink morsel,$5.00,408,2021-05-26,east,$2040.00
pink morsel,$5.00,417,2021-05-26,west,$2085.00
pink morsel,$5.00,416,2021-05-27,north,$2080.00
pink morsel,$5.00,452,2021-05-27,south,$2260.00
pink morsel,$5.00,469,2021-05-27,east,$2345.00
pink morsel,$5.00,432,2021-05-27,west,$2160.00
pink morsel,$5.00,441,2021-05-28,north,$2205.00
pink morsel,$5.00,411,2021-05-28,south,$2055.00
pink morsel,$5.00,456,2021-05-28,east,$2280.00
pink morsel,$5.00,441,2021-05-28,west,$2205.00
pink morsel,$5.00,430,2021-05-29,north,$2150.00
pink morsel,$5.00,490,2021-05-29,south,$2450.00
pink morsel,$5.00,401,2021-05-29,east,$2005.00
pink morsel,$5.00,423,2021-05-29,west,$2115.00
pink morsel,$5.00,476,2021-05-30,north,$2380.00
pink morsel,$5.00,445,2021-05-30,south,$2225.00
pink morsel,$5.00,497,2021-05-30,east,$2485.00
pink morsel,$5.00,462,2021-05-30,west,$2310.00
pink morsel,$5.00,479,2021-05-31,north,$2395.00
pink morsel,$5.00,419,2021-05-31,south,$2095.00
pink morsel,$5.00,444,2021-05-31,east,$2220.00
pink morsel,$5.00,426,2021-05-31,west,$2130.00
pink morsel,$5.00,428,2021-06-01,north,$2140.00
pink morsel,$5.00,490,2021-06-01,south,$2450.00
pink morsel,$5.00,411,2021-06-01,east,$2055.00
pink morsel,$5.00,443,2021-06-01,west,$2215.00
pink morsel,$5.00,403,2021-06-02,north,$2015.00
pink morsel,$5.00,470,2021-06-02,south,$2350.00
pink morsel,$5.00,401,2021-06-02,east,$2005.00
pink morsel,$5.00,403,2021-06-02,west,$2015.00
pink morsel,$5.00,475,2021-06-03,north,$2375.00
pink morsel,$5.00,405,2021-06-03,south,$2025.00
pink morsel,$5.00,475,2021-06-03,east,$2375.00
pink morsel,$5.00,460,2021-06-03,west,$2300.00
pink morsel,$5.00,481,2021-06-04,north,$2405.00
pink morsel,$5.00,427,2021-06-04,south,$2135.00
pink morsel,$5.00,463,2021-06-04,east,$2315.00
pink morsel,$5.00,460,2021-06-04,west,$2300.00
pink morsel,$5.00,485,2021-06-05,north,$2425.00
pink morsel,$5.00,480,2021-06-05,south,$2400.00
pink morsel,$5.00,449,2021-06-05,east,$2245.00
pink morsel,$5.00,417,2021-06-05,west,$2085.00
pink morsel,$5.00,404,2021-06-06,north,$2020.00
pink morsel,$5.00,438,2021-06-06,south,$2190.00
pink morsel,$5.00,490,2021-06-06,east,$2450.00
pink morsel,$5.00,449,2021-06-06,west,$2245.00
pink morsel,$5.00,478,2021-06-07,north,$2390.00
pink morsel,$5.00,404,2021-06-07,south,$2020.00
pink morsel,$5.00,472,2021-06-07,east,$2360.00
pink morsel,$5.00,414,2021-06-07,west,$2070.00
pink morsel,$5.00,458,2021-06-08,north,$2290.00
pink morsel,$5.00,407,2021-06-08,south,$2035.00
pink morsel,$5.00,490,2021-06-08,east,$2450.00
pink morsel,$5.00,424,2021-06-08,west,$2120.00
pink morsel,$5.00,496,2021-06-09,north,$2480.00
pink morsel,$5.00,500,2021-06-09,south,$2500.00
pink morsel,$5.00,473,2021-06-09,east,$2365.00
pink morsel,$5.00,466,2021-06-09,west,$2330.00
pink morsel,$5.00,456,2021-06-10,north,$2280.00
pink morsel,$5.00,403,2021-06-10,south,$2015.00
pink morsel,$5.00,500,2021-06-10,east,$2500.00
pink morsel,$5.00,481,2021-06-10,west,$2405.00
pink morsel,$5.00,477,2021-06-11,north,$2385.00
pink morsel,$5.00,418,2021-06-11,south,$2090.00
pink morsel,$5.00,460,2021-06-11,east,$2300.00
pink morsel,$5.00,470,2021-06-11,west,$2350.00
pink morsel,$5.00,419,2021-06-12,north,$2095.00
pink morsel,$5.00,475,2021-06-12,south,$2375.00
pink morsel,$5.00,454,2021-06-12,east,$2270.00
pink morsel,$5.00,473,2021-06-12,west,$2365.00
pink morsel,$5.00,441,2021-06-13,north,$2205.00
pink morsel,$5.00,452,2021-06-13,south,$2260.00
pink morsel,$5.00,427,2021-06-13,east,$2135.00
pink morsel,$5.00,456,2021-06-13,west,$2280.00
pink morsel,$5.00,497,2021-06-14,north,$2485.00
pink morsel,$5.00,405,2021-06-14,south,$2025.00
pink morsel,$5.00,492,2021-06-14,east,$2460.00
pink morsel,$5.00,457,2021-06-14,west,$2285.00
pink morsel,$5.00,418,2021-06-15,north,$2090.00
pink morsel,$5.00,415,2021-06-15,south,$2075.00
pink morsel,$5.00,425,2021-06-15,east,$2125.00
pink morsel,$5.00,417,2021-06-15,west,$2085.00
pink morsel,$5.00,482,2021-06-16,north,$2410.00
pink morsel,$5.00,453,2021-06-16,south,$2265.00
pink morsel,$5.00,429,2021-06-16,east,$2145.00
pink morsel,$5.00,464,2021-06-16,west,$2320.00
pink morsel,$5.00,452,2021-06-17,north,$2260.00
pink morsel,$5.00,492,2021-06-17,south,$2460.00
pink morsel,$5.00,412,2021-06-17,east,$2060.00
pink morsel,$5.00,424,2021-06-17,west,$2120.00
pink morsel,$5.00,465,2021-06-18,north,$2325.00
pink morsel,$5.00,455,2021-06-18,south,$2275.00
pink morsel,$5.00,457,2021-06-18,east,$2285.00
pink morsel,$5.00,430,2021-06-18,west,$2150.00
pink morsel,$5.00,432,2021-06-19,north,$2160.00
pink morsel,$5.00,404,2021-06-19,south,$2020.00
pink morsel,$5.00,486,2021-06-19,east,$2430.00
pink morsel,$5.00,405,2021-06-19,west,$2025.00
pink morsel,$5.00,456,2021-06-20,north,$2280.00
pink morsel,$5.00,485,2021-06-20,south,$2425.00
pink morsel,$5.00,446,2021-06-20,east,$2230.00
pink morsel,$5.00,432,2021-06-20,west,$2160.00
pink morsel,$5.00,472,2021-06-21,north,$2360.00
pink morsel,$5.00,461,2021-06-21,south,$2305.00
pink morsel,$5.00,421,2021-06-21,east,$2105.00
pink morsel,$5.00,458,2021-06-21,west,$2290.00
pink morsel,$5.00,456,2021-06-22,north,$2280.00
pink morsel,$5.00,402,2021-06-22,south,$2010.00
pink morsel,$5.00,419,2021-06-22,east,$2095.00
pink morsel,$5.00,454,2021-06-22,west,$2270.00
pink morsel,$5.00,416,2021-06-23,north,$2080.00
pink morsel,$5.00,469,2021-06-23,south,$2345.00
pink morsel,$5.00,448,2021-06-23,east,$2240.00
pink morsel,$5.00,485,2021-06-23,west,$2425.00
pink morsel,$5.00,478,2021-06-24,north,$2390.00
pink morsel,$5.00,431,2021-06-24,south,$2155.00
pink morsel,$5.00,412,2021-06-24,east,$2060.00
pink morsel,$5.00,411,2021-06-24,west,$2055.00
pink morsel,$5.00,428,2021-06-25,north,$2140.00
pink morsel,$5.00,468,2021-06-25,south,$2340.00
pink morsel,$5.00,406,2021-06-25,east,$2030.00
pink morsel,$5.00,462,2021-06-25,west,$2310.00
pink morsel,$5.00,413,2021-06-26,north,$2065.00
pink morsel,$5.00,466,2021-06-26,south,$2330.00
pink morsel,$5.00,429,2021-06-26,east,$2145.00
pink morsel,$5.00,410,2021-06-26,west,$2050.00
pink morsel,$5.00,419,2021-06-27,north,$2095.00
pink morsel,$5.00,492,2021-06-27,south,$2460.00
pink morsel,$5.00,439,2021-06-27,east,$2195.00
pink morsel,$5.00,404,2021-06-27,west,$2020.00
pink morsel,$5.00,437,2021-06-28,north,$2185.00
pink morsel,$5.00,438,2021-06-28,south,$2190.00
pink morsel,$5.00,410,2021-06-28,east,$2050.00
pink morsel,$5.00,409,2021-06-28,west,$2045.00
pink morsel,$5.00,431,2021-06-29,north,$2155.00
pink morsel,$5.00,427,2021-06-29,south,$2135.00
pink morsel,$5.00,456,2021-06-29,east,$2280.00
pink morsel,$5.00,497,2021-06-29,west,$2485.00
pink morsel,$5.00,408,2021-06-30,north,$2040.00
pink morsel,$5.00,426,2021-06-30,south,$2130.00
pink morsel,$5.00,498,2021-06-30,east,$2490.00
pink morsel,$5.00,432,2021-06-30,west,$2160.00
pink morsel,$5.00,413,2021-07-01,north,$2065.00
pink morsel,$5.00,471,2021-07-01,south,$2355.00
pink morsel,$5.00,441,2021-07-01,east,$2205.00
pink morsel,$5.00,453,2021-07-01,west,$2265.00
pink morsel,$5.00,401,2021-07-02,north,$2005.00
pink morsel,$5.00,490,2021-07-02,south,$2450.00
pink morsel,$5.00,500,2021-07-02,east,$2500.00
pink morsel,$5.00,489,2021-07-02,west,$2445.00
pink morsel,$5.00,492,2021-07-03,north,$2460.00
pink morsel,$5.00,412,2021-07-03,south,$2060.00
pink morsel,$5.00,418,2021-07-03,east,$2090.00
pink morsel,$5.00,483,2021-07-03,west,$2415.00
pink morsel,$5.00,479,2021-07-04,north,$2395.00
pink morsel,$5.00,474,2021-07-04,south,$2370.00
pink morsel,$5.00,422,2021-07-04,east,$2110.00
pink morsel,$5.00,479,2021-07-04,west,$2395.00
pink morsel,$5.00,441,2021-07-05,north,$2205.00
pink morsel,$5.00,449,2021-07-05,south,$2245.00
pink morsel,$5.00,466,2021-07-05,east,$2330.00
pink morsel,$5.00,402,2021-07-05,west,$2010.00
pink morsel,$5.00,486,2021-07-06,north,$2430.00
pink morsel,$5.00,425,2021-07-06,south,$2125.00
pink morsel,$5.00,447,2021-07-06,east,$2235.00
pink morsel,$5.00,435,2021-07-06,west,$2175.00
pink morsel,$5.00,492,2021-07-07,north,$2460.00
pink morsel,$5.00,500,2021-07-07,south,$2500.00
pink morsel,$5.00,463,2021-07-07,east,$2315.00
pink morsel,$5.00,424,2021-07-07,west,$2120.00
pink morsel,$5.00,408,2021-07-08,north,$2040.00
pink morsel,$5.00,485,2021-07-08,south,$2425.00
pink morsel,$5.00,475,2021-07-08,east,$2375.00
pink morsel,$5.00,416,2021-07-08,west,$2080.00
pink morsel,$5.00,421,2021-07-09,north,$2105.00
pink morsel,$5.00,448,2021-07-09,south,$2240.00
pink morsel,$5.00,403,2021-07-09,east,$2015.00
pink morsel,$5.00,434,2021-07-09,west,$2170.00
pink morsel,$5.00,439,2021-07-10,north,$2195.00
pink morsel,$5.00,488,2021-07-10,south,$2440.00
pink morsel,$5.00,408,2021-07-10,east,$2040.00
pink morsel,$5.00,452,2021-07-10,west,$2260.00
pink morsel,$5.00,434,2021-07-11,north,$2170.00
pink morsel,$5.00,440,2021-07-11,south,$2200.00
pink morsel,$5.00,452,2021-07-11,east,$2260.00
pink morsel,$5.00,479,2021-07-11,west,$2395.00
pink morsel,$5.00,402,2021-07-12,north,$2010.00
pink morsel,$5.00,401,2021-07-12,south,$2005.00
pink morsel,$5.00,450,2021-07-12,east,$2250.00
pink morsel,$5.00,402,2021-07-12,west,$2010.00
pink morsel,$5.00,429,2021-07-13,north,$2145.00
pink morsel,$5.00,421,2021-07-13,south,$2105.00
pink morsel,$5.00,453,2021-07-13,east,$2265.00
pink morsel,$5.00,404,2021-07-13,west,$2020.00
pink morsel,$5.00,459,2021-07-14,north,$2295.00
pink morsel,$5.00,466,2021-07-14,south,$2330.00
pink morsel,$5.00,456,2021-07-14,east,$2280.00
pink morsel,$5.00,409,2021-07-14,west,$2045.00
pink morsel,$5.00,475,2021-07-15,north,$2375.00
pink morsel,$5.00,474,2021-07-15,south,$2370.00
pink morsel,$5.00,451,2021-07-15,east,$2255.00
pink morsel,$5.00,461,2021-07-15,west,$2305.00
pink morsel,$5.00,488,2021-07-16,north,$2440.00
pink morsel,$5.00,404,2021-07-16,south,$2020.00
pink morsel,$5.00,407,2021-07-16,east,$2035.00
pink morsel,$5.00,431,2021-07-16,west,$2155.00
pink morsel,$5.00,429,2021-07-17,north,$2145.00
pink morsel,$5.00,416,2021-07-17,south,$2080.00
pink morsel,$5.00,469,2021-07-17,east,$2345.00
pink morsel,$5.00,446,2021-07-17,west,$2230.00
pink morsel,$5.00,475,2021-07-18,north,$2375.00
pink morsel,$5.00,433,2021-07-18,south,$2165.00
pink morsel,$5.00,435,2021-07-18,east,$2175.00
pink morsel,$5.00,477,2021-07-18,west,$2385.00
pink morsel,$5.00,459,2021-07-19,north,$2295.00
pink morsel,$5.00,434,2021-07-19,south,$2170.00
pink morsel,$5.00,408,2021-07-19,east,$2040.00
pink morsel,$5.00,441,2021-07-19,west,$2205.00
pink morsel,$5.00,487,2021-07-20,north,$2435.00
pink morsel,$5.00,476,2021-07-20,south,$2380.00
pink morsel,$5.00,489,2021-07-20,east,$2445.00
pink morsel,$5.00,478,2021-07-20,west,$2390.00
pink morsel,$5.00,423,2021-07-21,north,$2115.00
pink morsel,$5.00,455,2021-07-21,south,$2275.00
pink morsel,$5.00,440,2021-07-21,east,$2200.00
pink morsel,$5.00,461,2021-07-21,west,$2305.00
pink morsel,$5.00,456,2021-07-22,north,$2280.00
pink morsel,$5.00,428,2021-07-22,south,$2140.00
pink morsel,$5.00,441,2021-07-22,east,$2205.00
pink morsel,$5.00,490,2021-07-22,west,$2450.00
pink morsel,$5.00,412,2021-07-23,north,$2060.00
pink morsel,$5.00,440,2021-07-23,south,$2200.00
pink morsel,$5.00,478,2021-07-23,east,$2390.00
pink morsel,$5.00,415,2021-07-23,west,$2075.00
pink morsel,$5.00,403,2021-07-24,north,$2015.00
pink morsel,$5.00,447,2021-07-24,south,$2235.00
pink morsel,$5.00,472,2021-07-24,east,$2360.00
pink morsel,$5.00,425,2021-07-24,west,$2125.00
pink morsel,$5.00,447,2021-07-25,north,$2235.00
pink morsel,$5.00,490,2021-07-25,south,$2450.00
pink morsel,$5.00,431,2021-07-25,east,$2155.00
pink morsel,$5.00,456,2021-07-25,west,$2280.00
pink morsel,$5.00,457,2021-07-26,north,$2285.00
pink morsel,$5.00,479,2021-07-26,south,$2395.00
pink morsel,$5.00,472,2021-07-26,east,$2360.00
pink morsel,$5.00,458,2021-07-26,west,$2290.00
pink morsel,$5.00,488,2021-07-27,north,$2440.00
pink morsel,$5.00,463,2021-07-27,south,$2315.00
pink morsel,$5.00,416,2021-07-27,east,$2080.00
pink morsel,$5.00,490,2021-07-27,west,$2450.00
pink morsel,$5.00,433,2021-07-28,north,$2165.00
pink morsel,$5.00,477,2021-07-28,south,$2385.00
pink morsel,$5.00,402,2021-07-28,east,$2010.00
pink morsel,$5.00,485,2021-07-28,west,$2425.00
pink morsel,$5.00,425,2021-07-29,north,$2125.00
pink morsel,$5.00,425,2021-07-29,south,$2125.00
pink morsel,$5.00,447,2021-07-29,east,$2235.00
pink morsel,$5.00,472,2021-07-29,west,$2360.00
pink morsel,$5.00,401,2021-07-30,north,$2005.00
pink morsel,$5.00,440,2021-07-30,south,$2200.00
pink morsel,$5.00,431,2021-07-30,east,$2155.00
pink morsel,$5.00,449,2021-07-30,west,$2245.00
pink morsel,$5.00,444,2021-07-31,north,$2220.00
pink morsel,$5.00,445,2021-07-31,south,$2225.00
pink morsel,$5.00,430,2021-07-31,east,$2150.00
pink morsel,$5.00,429,2021-07-31,west,$2145.00
pink morsel,$5.00,414,2021-08-01,north,$2070.00
pink morsel,$5.00,453,2021-08-01,south,$2265.00
pink morsel,$5.00,411,2021-08-01,east,$2055.00
pink morsel,$5.00,433,2021-08-01,west,$2165.00
pink morsel,$5.00,456,2021-08-02,north,$2280.00
pink morsel,$5.00,455,2021-08-02,south,$2275.00
pink morsel,$5.00,440,2021-08-02,east,$2200.00
pink morsel,$5.00,498,2021-08-02,west,$2490.00
pink morsel,$5.00,470,2021-08-03,north,$2350.00
pink morsel,$5.00,415,2021-08-03,south,$2075.00
pink morsel,$5.00,450,2021-08-03,east,$2250.00
pink morsel,$5.00,463,2021-08-03,west,$2315.00
pink morsel,$5.00,496,2021-08-04,north,$2480.00
pink morsel,$5.00,414,2021-08-04,south,$2070.00
pink morsel,$5.00,490,2021-08-04,east,$2450.00
pink morsel,$5.00,402,2021-08-04,west,$2010.00
pink morsel,$5.00,484,2021-08-05,north,$2420.00
pink morsel,$5.00,443,2021-08-05,south,$2215.00
pink morsel,$5.00,426,2021-08-05,east,$2130.00
pink morsel,$5.00,413,2021-08-05,west,$2065.00
pink morsel,$5.00,412,2021-08-06,north,$2060.00
pink morsel,$5.00,410,2021-08-06,south,$2050.00
pink morsel,$5.00,494,2021-08-06,east,$2470.00
pink morsel,$5.00,459,2021-08-06,west,$2295.00
pink morsel,$5.00,446,2021-08-07,north,$2230.00
pink morsel,$5.00,406,2021-08-07,south,$2030.00
pink morsel,$5.00,462,2021-08-07,east,$2310.00
pink morsel,$5.00,483,2021-08-07,west,$2415.00
pink morsel,$5.00,496,2021-08-08,north,$2480.00
pink morsel,$5.00,446,2021-08-08,south,$2230.00
pink morsel,$5.00,472,2021-08-08,east,$2360.00
pink morsel,$5.00,480,2021-08-08,west,$2400.00
pink morsel,$5.00,433,2021-08-09,north,$2165.00
pink morsel,$5.00,477,2021-08-09,south,$2385.00
pink morsel,$5.00,448,2021-08-09,east,$2240.00
pink morsel,$5.00,412,2021-08-09,west,$2060.00
pink morsel,$5.00,459,2021-08-10,north,$2295.00
pink morsel,$5.00,436,2021-08-10,south,$2180.00
pink morsel,$5.00,415,2021-08-10,east,$2075.00
pink morsel,$5.00,475,2021-08-10,west,$2375.00
pink morsel,$5.00,450,2021-08-11,north,$2250.00
pink morsel,$5.00,450,2021-08-11,south,$2250.00
pink morsel,$5.00,469,2021-08-11,east,$2345.00
pink morsel,$5.00,416,2021-08-11,west,$2080.00
pink morsel,$5.00,499,2021-08-12,north,$2495.00
pink morsel,$5.00,420,2021-08-12,south,$2100.00
pink morsel,$5.00,486,2021-08-12,east,$2430.00
pink morsel,$5.00,414,2021-08-12,west,$2070.00
pink morsel,$5.00,457,2021-08-13,north,$2285.00
pink morsel,$5.00,447,2021-08-13,south,$2235.00
pink morsel,$5.00,496,2021-08-13,east,$2480.00
pink morsel,$5.00,485,2021-08-13,west,$2425.00
pink morsel,$5.00,419,2021-08-14,north,$2095.00
pink morsel,$5.00,427,2021-08-14,south,$2135.00
pink morsel,$5.00,466,2021-08-14,east,$2330.00
pink morsel,$5.00,404,2021-08-14,west,$2020.00
pink morsel,$5.00,412,2021-08-15,north,$2060.00
pink morsel,$5.00,428,2021-08-15,south,$2140.00
pink morsel,$5.00,494,2021-08-15,east,$2470.00
pink morsel,$5.00,497,2021-08-15,west,$2485.00
pink morsel,$5.00,408,2021-08-16,north,$2040.00
pink morsel,$5.00,431,2021-08-16,south,$2155.00
pink morsel,$5.00,424,2021-08-16,east,$2120.00
pink morsel,$5.00,427,2021-08-16,west,$2135.00
pink morsel,$5.00,479,2021-08-17,north,$2395.00
pink morsel,$5.00,495,2021-08-17,south,$2475.00
pink morsel,$5.00,472,2021-08-17,east,$2360.00
pink morsel,$5.00,435,2021-08-17,west,$2175.00
pink morsel,$5.00,498,2021-08-18,north,$2490.00
pink morsel,$5.00,415,2021-08-18,south,$2075.00
pink morsel,$5.00,465,2021-08-18,east,$2325.00
pink morsel,$5.00,489,2021-08-18,west,$2445.00
pink morsel,$5.00,416,2021-08-19,north,$2080.00
pink morsel,$5.00,474,2021-08-19,south,$2370.00
pink morsel,$5.00,445,2021-08-19,east,$2225.00
pink morsel,$5.00,499,2021-08-19,west,$2495.00
pink morsel,$5.00,432,2021-08-20,north,$2160.00
pink morsel,$5.00,439,2021-08-20,south,$2195.00
pink morsel,$5.00,463,2021-08-20,east,$2315.00
pink morsel,$5.00,434,2021-08-20,west,$2170.00
pink morsel,$5.00,446,2021-08-21,north,$2230.00
pink morsel,$5.00,419,2021-08-21,south,$2095.00
pink morsel,$5.00,410,2021-08-21,east,$2050.00
pink morsel,$5.00,498,2021-08-21,west,$2490.00
pink morsel,$5.00,419,2021-08-22,north,$2095.00
pink morsel,$5.00,436,2021-08-22,south,$2180.00
pink morsel,$5.00,415,2021-08-22,east,$2075.00
pink morsel,$5.00,495,2021-08-22,west,$2475.00
pink morsel,$5.00,404,2021-08-23,north,$2020.00
pink morsel,$5.00,400,2021-08-23,south,$2000.00
pink morsel,$5.00,442,2021-08-23,east,$2210.00
pink morsel,$5.00,431,2021-08-23,west,$2155.00
pink morsel,$5.00,443,2021-08-24,north,$2215.00
pink morsel,$5.00,495,2021-08-24,south,$2475.00
pink morsel,$5.00,453,2021-08-24,east,$2265.00
pink morsel,$5.00,406,2021-08-24,west,$2030.00
pink morsel,$5.00,404,2021-08-25,north,$2020.00
pink morsel,$5.00,448,2021-08-25,south,$2240.00
pink morsel,$5.00,400,2021-08-25,east,$2000.00
pink morsel,$5.00,430,2021-08-25,west,$2150.00
pink morsel,$5.00,474,2021-08-26,north,$2370.00
pink morsel,$5.00,436,2021-08-26,south,$2180.00
pink morsel,$5.00,494,2021-08-26,east,$2470.00
pink morsel,$5.00,430,2021-08-26,west,$2150.00
pink morsel,$5.00,434,2021-08-27,north,$2170.00
pink morsel,$5.00,452,2021-08-27,south,$2260.00
pink morsel,$5.00,428,2021-08-27,east,$2140.00
pink morsel,$5.00,409,2021-08-27,west,$2045.00
pink morsel,$5.00,498,2021-08-28,north,$2490.00
pink morsel,$5.00,464,2021-08-28,south,$2320.00
pink morsel,$5.00,446,2021-08-28,east,$2230.00
pink morsel,$5.00,488,2021-08-28,west,$2440.00
pink morsel,$5.00,437,2021-08-29,north,$2185.00
pink morsel,$5.00,470,2021-08-29,south,$2350.00
pink morsel,$5.00,489,2021-08-29,east,$2445.00
pink morsel,$5.00,473,2021-08-29,west,$2365.00
pink morsel,$5.00,413,2021-08-30,north,$2065.00
pink morsel,$5.00,403,2021-08-30,south,$2015.00
pink morsel,$5.00,432,2021-08-30,east,$2160.00
pink morsel,$5.00,460,2021-08-30,west,$2300.00
pink morsel,$5.00,409,2021-08-31,north,$2045.00
pink morsel,$5.00,488,2021-08-31,south,$2440.00
pink morsel,$5.00,433,2021-08-31,east,$2165.00
pink morsel,$5.00,436,2021-08-31,west,$2180.00
pink morsel,$5.00,466,2021-09-01,north,$2330.00
pink morsel,$5.00,448,2021-09-01,south,$2240.00
pink morsel,$5.00,424,2021-09-01,east,$2120.00
pink morsel,$5.00,499,2021-09-01,west,$2495.00
pink morsel,$5.00,416,2021-09-02,north,$2080.00
pink morsel,$5.00,483,2021-09-02,south,$2415.00
pink morsel,$5.00,417,2021-09-02,east,$2085.00
pink morsel,$5.00,480,2021-09-02,west,$2400.00
pink morsel,$5.00,451,2021-09-03,north,$2255.00
pink morsel,$5.00,449,2021-09-03,south,$2245.00
pink morsel,$5.00,404,2021-09-03,east,$2020.00
pink morsel,$5.00,454,2021-09-03,west,$2270.00
pink morsel,$5.00,479,2021-09-04,north,$2395.00
pink morsel,$5.00,433,2021-09-04,south,$2165.00
pink morsel,$5.00,404,2021-09-04,east,$2020.00
pink morsel,$5.00,427,2021-09-04,west,$2135.00
pink morsel,$5.00,466,2021-09-05,north,$2330.00
pink morsel,$5.00,458,2021-09-05,south,$2290.00
pink morsel,$5.00,409,2021-09-05,east,$2045.00
pink morsel,$5.00,451,2021-09-05,west,$2255.00
pink morsel,$5.00,469,2021-09-06,north,$2345.00
pink morsel,$5.00,437,2021-09-06,south,$2185.00
pink morsel,$5.00,467,2021-09-06,east,$2335.00
pink morsel,$5.00,460,2021-09-06,west,$2300.00
pink morsel,$5.00,408,2021-09-07,north,$2040.00
pink morsel,$5.00,411,2021-09-07,south,$2055.00
pink morsel,$5.00,454,2021-09-07,east,$2270.00
pink morsel,$5.00,467,2021-09-07,west,$2335.00
pink morsel,$5.00,485,2021-09-08,north,$2425.00
pink morsel,$5.00,489,2021-09-08,south,$2445.00
pink morsel,$5.00,496,2021-09-08,east,$2480.00
pink morsel,$5.00,496,2021-09-08,west,$2480.00
pink morsel,$5.00,400,2021-09-09,north,$2000.00
pink morsel,$5.00,415,2021-09-09,south,$2075.00
pink morsel,$5.00,469,2021-09-09,east,$2345.00
pink morsel,$5.00,449,2021-09-09,west,$2245.00
pink morsel,$5.00,414,2021-09-10,north,$2070.00
pink morsel,$5.00,473,2021-09-10,south,$2365.00
pink morsel,$5.00,403,2021-09-10,east,$2015.00
pink morsel,$5.00,475,2021-09-10,west,$2375.00
pink morsel,$5.00,454,2021-09-11,north,$2270.00
pink morsel,$5.00,403,2021-09-11,south,$2015.00
pink morsel,$5.00,400,2021-09-11,east,$2000.00
pink morsel,$5.00,459,2021-09-11,west,$2295.00
pink morsel,$5.00,487,2021-09-12,north,$2435.00
pink morsel,$5.00,497,2021-09-12,south,$2485.00
pink morsel,$5.00,490,2021-09-12,east,$2450.00
pink morsel,$5.00,441,2021-09-12,west,$2205.00
pink morsel,$5.00,483,2021-09-13,north,$2415.00
pink morsel,$5.00,488,2021-09-13,south,$2440.00
pink morsel,$5.00,498,2021-09-13,east,$2490.00
pink morsel,$5.00,483,2021-09-13,west,$2415.00
pink morsel,$5.00,452,2021-09-14,north,$2260.00
pink morsel,$5.00,477,2021-09-14,south,$2385.00
pink morsel,$5.00,456,2021-09-14,east,$2280.00
pink morsel,$5.00,442,2021-09-14,west,$2210.00
pink morsel,$5.00,414,2021-09-15,north,$2070.00
pink morsel,$5.00,421,2021-09-15,south,$2105.00
pink morsel,$5.00,485,2021-09-15,east,$2425.00
pink morsel,$5.00,453,2021-09-15,west,$2265.00
pink morsel,$5.00,438,2021-09-16,north,$2190.00
pink morsel,$5.00,422,2021-09-16,south,$2110.00
pink morsel,$5.00,423,2021-09-16,east,$2115.00
pink morsel,$5.00,491,2021-09-16,west,$2455.00
pink morsel,$5.00,454,2021-09-17,north,$2270.00
pink morsel,$5.00,470,2021-09-17,south,$2350.00
pink morsel,$5.00,473,2021-09-17,east,$2365.00
pink morsel,$5.00,454,2021-09-17,west,$2270.00
pink morsel,$5.00,440,2021-09-18,north,$2200.00
pink morsel,$5.00,500,2021-09-18,south,$2500.00
pink morsel,$5.00,485,2021-09-18,east,$2425.00
pink morsel,$5.00,458,2021-09-18,west,$2290.00
pink morsel,$5.00,492,2021-09-19,north,$2460.00
pink morsel,$5.00,437,2021-09-19,south,$2185.00
pink morsel,$5.00,478,2021-09-19,east,$2390.00
pink morsel,$5.00,435,2021-09-19,west,$2175.00
pink morsel,$5.00,496,2021-09-20,north,$2480.00
pink morsel,$5.00,477,2021-09-20,south,$2385.00
pink morsel,$5.00,430,2021-09-20,east,$2150.00
pink morsel,$5.00,445,2021-09-20,west,$2225.00
pink morsel,$5.00,479,2021-09-21,north,$2395.00
pink morsel,$5.00,479,2021-09-21,south,$2395.00
pink morsel,$5.00,489,2021-09-21,east,$2445.00
pink morsel,$5.00,459,2021-09-21,west,$2295.00
pink morsel,$5.00,457,2021-09-22,north,$2285.00
pink morsel,$5.00,419,2021-09-22,south,$2095.00
pink morsel,$5.00,462,2021-09-22,east,$2310.00
pink morsel,$5.00,424,2021-09-22,west,$2120.00
pink morsel,$5.00,415,2021-09-23,north,$2075.00
pink morsel,$5.00,478,2021-09-23,south,$2390.00
pink morsel,$5.00,497,2021-09-23,east,$2485.00
pink morsel,$5.00,495,2021-09-23,west,$2475.00
pink morsel,$5.00,445,2021-09-24,north,$2225.00
pink morsel,$5.00,465,2021-09-24,south,$2325.00
pink morsel,$5.00,439,2021-09-24,east,$2195.00
pink morsel,$5.00,482,2021-09-24,west,$2410.00
pink morsel,$5.00,457,2021-09-25,north,$2285.00
pink morsel,$5.00,400,2021-09-25,south,$2000.00
pink morsel,$5.00,469,2021-09-25,east,$2345.00
pink morsel,$5.00,480,2021-09-25,west,$2400.00
pink morsel,$5.00,452,2021-09-26,north,$2260.00
pink morsel,$5.00,460,2021-09-26,south,$2300.00
pink morsel,$5.00,430,2021-09-26,east,$2150.00
pink morsel,$5.00,440,2021-09-26,west,$2200.00
pink morsel,$5.00,428,2021-09-27,north,$2140.00
pink morsel,$5.00,473,2021-09-27,south,$2365.00
pink morsel,$5.00,418,2021-09-27,east,$2090.00
pink morsel,$5.00,423,2021-09-27,west,$2115.00
pink morsel,$5.00,414,2021-09-28,north,$2070.00
pink morsel,$5.00,417,2021-09-28,south,$2085.00
pink morsel,$5.00,487,2021-09-28,east,$2435.00
pink morsel,$5.00,423,2021-09-28,west,$2115.00
pink morsel,$5.00,468,2021-09-29,north,$2340.00
pink morsel,$5.00,445,2021-09-29,south,$2225.00
pink morsel,$5.00,428,2021-09-29,east,$2140.00
pink morsel,$5.00,448,2021-09-29,west,$2240.00
pink morsel,$5.00,400,2021-09-30,north,$2000.00
pink morsel,$5.00,435,2021-09-30,south,$2175.00
pink morsel,$5.00,404,2021-09-30,east,$2020.00
pink morsel,$5.00,485,2021-09-30,west,$2425.00
pink morsel,$5.00,470,2021-10-01,north,$2350.00
pink morsel,$5.00,443,2021-10-01,south,$2215.00
pink morsel,$5.00,469,2021-10-01,east,$2345.00
pink morsel,$5.00,472,2021-10-01,west,$2360.00
pink morsel,$5.00,474,2021-10-02,north,$2370.00
pink morsel,$5.00,436,2021-10-02,south,$2180.00
pink morsel,$5.00,400,2021-10-02,east,$2000.00
pink morsel,$5.00,447,2021-10-02,west,$2235.00
pink morsel,$5.00,411,2021-10-03,north,$2055.00
pink morsel,$5.00,453,2021-10-03,south,$2265.00
pink morsel,$5.00,433,2021-10-03,east,$2165.00
pink morsel,$5.00,433,2021-10-03,west,$2165.00
pink morsel,$5.00,427,2021-10-04,north,$2135.00
pink morsel,$5.00,479,2021-10-04,south,$2395.00
pink morsel,$5.00,448,2021-10-04,east,$2240.00
pink morsel,$5.00,459,2021-10-04,west,$2295.00
pink morsel,$5.00,485,2021-10-05,north,$2425.00
pink morsel,$5.00,451,2021-10-05,south,$2255.00
pink morsel,$5.00,429,2021-10-05,east,$2145.00
pink morsel,$5.00,400,2021-10-05,west,$2000.00
pink morsel,$5.00,418,2021-10-06,north,$2090.00
pink morsel,$5.00,478,2021-10-06,south,$2390.00
pink morsel,$5.00,424,2021-10-06,east,$2120.00
pink morsel,$5.00,481,2021-10-06,west,$2405.00
pink morsel,$5.00,474,2021-10-07,north,$2370.00
pink morsel,$5.00,416,2021-10-07,south,$2080.00
pink morsel,$5.00,432,2021-10-07,east,$2160.00
pink morsel,$5.00,454,2021-10-07,west,$2270.00
pink morsel,$5.00,491,2021-10-08,north,$2455.00
pink morsel,$5.00,472,2021-10-08,south,$2360.00
pink morsel,$5.00,417,2021-10-08,east,$2085.00
pink morsel,$5.00,409,2021-10-08,west,$2045.00
pink morsel,$5.00,452,2021-10-09,north,$2260.00
pink morsel,$5.00,460,2021-10-09,south,$2300.00
pink morsel,$5.00,413,2021-10-09,east,$2065.00
pink morsel,$5.00,405,2021-10-09,west,$2025.00
pink morsel,$5.00,480,2021-10-10,north,$2400.00
pink morsel,$5.00,451,2021-10-10,south,$2255.00
pink morsel,$5.00,467,2021-10-10,east,$2335.00
pink morsel,$5.00,492,2021-10-10,west,$2460.00
pink morsel,$5.00,424,2021-10-11,north,$2120.00
pink morsel,$5.00,446,2021-10-11,south,$2230.00
pink morsel,$5.00,439,2021-10-11,east,$2195.00
pink morsel,$5.00,441,2021-10-11,west,$2205.00
pink morsel,$5.00,421,2021-10-12,north,$2105.00
pink morsel,$5.00,421,2021-10-12,south,$2105.00
pink morsel,$5.00,413,2021-10-12,east,$2065.00
pink morsel,$5.00,401,2021-10-12,west,$2005.00
pink morsel,$5.00,441,2021-10-13,north,$2205.00
pink morsel,$5.00,499,2021-10-13,south,$2495.00
pink morsel,$5.00,425,2021-10-13,east,$2125.00
pink morsel,$5.00,482,2021-10-13,west,$2410.00
pink morsel,$5.00,464,2021-10-14,north,$2320.00
pink morsel,$5.00,402,2021-10-14,south,$2010.00
pink morsel,$5.00,466,2021-10-14,east,$2330.00
pink morsel,$5.00,455,2021-10-14,west,$2275.00
pink morsel,$5.00,461,2021-10-15,north,$2305.00
pink morsel,$5.00,485,2021-10-15,south,$2425.00
pink morsel,$5.00,462,2021-10-15,east,$2310.00
pink morsel,$5.00,418,2021-10-15,west,$2090.00
pink morsel,$5.00,497,2021-10-16,north,$2485.00
pink morsel,$5.00,483,2021-10-16,south,$2415.00
pink morsel,$5.00,479,2021-10-16,east,$2395.00
pink morsel,$5.00,418,2021-10-16,west,$2090.00
pink morsel,$5.00,402,2021-10-17,north,$2010.00
pink morsel,$5.00,417,2021-10-17,south,$2085.00
pink morsel,$5.00,450,2021-10-17,east,$2250.00
pink morsel,$5.00,490,2021-10-17,west,$2450.00
pink morsel,$5.00,446,2021-10-18,north,$2230.00
pink morsel,$5.00,462,2021-10-18,south,$2310.00
pink morsel,$5.00,401,2021-10-18,east,$2005.00
pink morsel,$5.00,405,2021-10-18,west,$2025.00
pink morsel,$5.00,417,2021-10-19,north,$2085.00
pink morsel,$5.00,455,2021-10-19,south,$2275.00
pink morsel,$5.00,444,2021-10-19,east,$2220.00
pink morsel,$5.00,479,2021-10-19,west,$2395.00
pink morsel,$5.00,414,2021-10-20,north,$2070.00
pink morsel,$5.00,442,2021-10-20,south,$2210.00
pink morsel,$5.00,458,2021-10-20,east,$2290.00
pink morsel,$5.00,476,2021-10-20,west,$2380.00
pink morsel,$5.00,495,2021-10-21,north,$2475.00
pink morsel,$5.00,435,2021-10-21,south,$2175.00
pink morsel,$5.00,403,2021-10-21,east,$2015.00
pink morsel,$5.00,423,2021-10-21,west,$2115.00
pink morsel,$5.00,406,2021-10-22,north,$2030.00
pink morsel,$5.00,480,2021-10-22,south,$2400.00
pink morsel,$5.00,436,2021-10-22,east,$2180.00
pink morsel,$5.00,469,2021-10-22,west,$2345.00
pink morsel,$5.00,497,2021-10-23,north,$2485.00
pink morsel,$5.00,445,2021-10-23,south,$2225.00
pink morsel,$5.00,419,2021-10-23,east,$2095.00
pink morsel,$5.00,470,2021-10-23,west,$2350.00
pink morsel,$5.00,463,2021-10-24,north,$2315.00
pink morsel,$5.00,431,2021-10-24,south,$2155.00
pink morsel,$5.00,461,2021-10-24,east,$2305.00
pink morsel,$5.00,450,2021-10-24,west,$2250.00
pink morsel,$5.00,494,2021-10-25,north,$2470.00
pink morsel,$5.00,427,2021-10-25,south,$2135.00
pink morsel,$5.00,451,2021-10-25,east,$2255.00
pink morsel,$5.00,454,2021-10-25,west,$2270.00
pink morsel,$5.00,482,2021-10-26,north,$2410.00
pink morsel,$5.00,498,2021-10-26,south,$2490.00
pink morsel,$5.00,450,2021-10-26,east,$2250.00
pink morsel,$5.00,444,2021-10-26,west,$2220.00
pink morsel,$5.00,429,2021-10-27,north,$2145.00
pink morsel,$5.00,429,2021-10-27,south,$2145.00
pink morsel,$5.00,490,2021-10-27,east,$2450.00
pink morsel,$5.00,418,2021-10-27,west,$2090.00
pink morsel,$5.00,433,2021-10-28,north,$2165.00
pink morsel,$5.00,471,2021-10-28,south,$2355.00
pink morsel,$5.00,463,2021-10-28,east,$2315.00
pink morsel,$5.00,460,2021-10-28,west,$2300.00
pink morsel,$5.00,445,2021-10-29,north,$2225.00
pink morsel,$5.00,435,2021-10-29,south,$2175.00
pink morsel,$5.00,487,2021-10-29,east,$2435.00
pink morsel,$5.00,407,2021-10-29,west,$2035.00
pink morsel,$5.00,486,2021-10-30,north,$2430.00
pink morsel,$5.00,436,2021-10-30,south,$2180.00
pink morsel,$5.00,412,2021-10-30,east,$2060.00
pink morsel,$5.00,494,2021-10-30,west,$2470.00
pink morsel,$5.00,480,2021-10-31,north,$2400.00
pink morsel,$5.00,444,2021-10-31,south,$2220.00
pink morsel,$5.00,479,2021-10-31,east,$2395.00
pink morsel,$5.00,424,2021-10-31,west,$2120.00
pink morsel,$5.00,416,2021-11-01,north,$2080.00
pink morsel,$5.00,489,2021-11-01,south,$2445.00
pink morsel,$5.00,483,2021-11-01,east,$2415.00
pink morsel,$5.00,471,2021-11-01,west,$2355.00
pink morsel,$5.00,481,2021-11-02,north,$2405.00
pink morsel,$5.00,424,2021-11-02,south,$2120.00
pink morsel,$5.00,439,2021-11-02,east,$2195.00
pink morsel,$5.00,405,2021-11-02,west,$2025.00
pink morsel,$5.00,461,2021-11-03,north,$2305.00
pink morsel,$5.00,407,2021-11-03,south,$2035.00
pink morsel,$5.00,417,2021-11-03,east,$2085.00
pink morsel,$5.00,457,2021-11-03,west,$2285.00
pink morsel,$5.00,441,2021-11-04,north,$2205.00
pink morsel,$5.00,431,2021-11-04,south,$2155.00
pink morsel,$5.00,421,2021-11-04,east,$2105.00
pink morsel,$5.00,417,2021-11-04,west,$2085.00
pink morsel,$5.00,495,2021-11-05,north,$2475.00
pink morsel,$5.00,485,2021-11-05,south,$2425.00
pink morsel,$5.00,466,2021-11-05,east,$2330.00
pink morsel,$5.00,441,2021-11-05,west,$2205.00
pink morsel,$5.00,447,2021-11-06,north,$2235.00
pink morsel,$5.00,410,2021-11-06,south,$2050.00
pink morsel,$5.00,491,2021-11-06,east,$2455.00
pink morsel,$5.00,413,2021-11-06,west,$2065.00
pink morsel,$5.00,442,2021-11-07,north,$2210.00
pink morsel,$5.00,413,2021-11-07,south,$2065.00
pink morsel,$5.00,443,2021-11-07,east,$2215.00
pink morsel,$5.00,455,2021-11-07,west,$2275.00
pink morsel,$5.00,401,2021-11-08,north,$2005.00
pink morsel,$5.00,424,2021-11-08,south,$2120.00
pink morsel,$5.00,428,2021-11-08,east,$2140.00
pink morsel,$5.00,452,2021-11-08,west,$2260.00
pink morsel,$5.00,433,2021-11-09,north,$2165.00
pink morsel,$5.00,400,2021-11-09,south,$2000.00
pink morsel,$5.00,487,2021-11-09,east,$2435.00
pink morsel,$5.00,450,2021-11-09,west,$2250.00
pink morsel,$5.00,497,2021-11-10,north,$2485.00
pink morsel,$5.00,418,2021-11-10,south,$2090.00
pink morsel,$5.00,405,2021-11-10,east,$2025.00
pink morsel,$5.00,473,2021-11-10,west,$2365.00
pink morsel,$5.00,430,2021-11-11,north,$2150.00
pink morsel,$5.00,432,2021-11-11,south,$2160.00
pink morsel,$5.00,407,2021-11-11,east,$2035.00
pink morsel,$5.00,489,2021-11-11,west,$2445.00
pink morsel,$5.00,470,2021-11-12,north,$2350.00
pink morsel,$5.00,426,2021-11-12,south,$2130.00
pink morsel,$5.00,409,2021-11-12,east,$2045.00
pink morsel,$5.00,498,2021-11-12,west,$2490.00
pink morsel,$5.00,463,2021-11-13,north,$2315.00
pink morsel,$5.00,442,2021-11-13,south,$2210.00
pink morsel,$5.00,469,2021-11-13,east,$2345.00
pink morsel,$5.00,457,2021-11-13,west,$2285.00
pink morsel,$5.00,445,2021-11-14,north,$2225.00
pink morsel,$5.00,438,2021-11-14,south,$2190.00
pink morsel,$5.00,499,2021-11-14,east,$2495.00
pink morsel,$5.00,497,2021-11-14,west,$2485.00
pink morsel,$5.00,421,2021-11-15,north,$2105.00
pink morsel,$5.00,485,2021-11-15,south,$2425.00
pink morsel,$5.00,431,2021-11-15,east,$2155.00
pink morsel,$5.00,499,2021-11-15,west,$2495.00
pink morsel,$5.00,497,2021-11-16,north,$2485.00
pink morsel,$5.00,445,2021-11-16,south,$2225.00
pink morsel,$5.00,463,2021-11-16,east,$2315.00
pink morsel,$5.00,460,2021-11-16,west,$2300.00
pink morsel,$5.00,433,2021-11-17,north,$2165.00
pink morsel,$5.00,448,2021-11-17,south,$2240.00
pink morsel,$5.00,458,2021-11-17,east,$2290.00
pink morsel,$5.00,405,2021-11-17,west,$2025.00
pink morsel,$5.00,416,2021-11-18,north,$2080.00
pink morsel,$5.00,465,2021-11-18,south,$2325.00
pink morsel,$5.00,421,2021-11-18,east,$2105.00
pink morsel,$5.00,449,2021-11-18,west,$2245.00
pink morsel,$5.00,436,2021-11-19,north,$2180.00
pink morsel,$5.00,436,2021-11-19,south,$2180.00
pink morsel,$5.00,469,2021-11-19,east,$2345.00
pink morsel,$5.00,487,2021-11-19,west,$2435.00
pink morsel,$5.00,498,2021-11-20,north,$2490.00
pink morsel,$5.00,432,2021-11-20,south,$2160.00
pink morsel,$5.00,492,2021-11-20,east,$2460.00
pink morsel,$5.00,408,2021-11-20,west,$2040.00
pink morsel,$5.00,402,2021-11-21,north,$2010.00
pink morsel,$5.00,488,2021-11-21,south,$2440.00
pink morsel,$5.00,438,2021-11-21,east,$2190.00
pink morsel,$5.00,473,2021-11-21,west,$2365.00
pink morsel,$5.00,429,2021-11-22,north,$2145.00
pink morsel,$5.00,484,2021-11-22,south,$2420.00
pink morsel,$5.00,440,2021-11-22,east,$2200.00
pink morsel,$5.00,415,2021-11-22,west,$2075.00
pink morsel,$5.00,415,2021-11-23,north,$2075.00
pink morsel,$5.00,490,2021-11-23,south,$2450.00
pink morsel,$5.00,456,2021-11-23,east,$2280.00
pink morsel,$5.00,444,2021-11-23,west,$2220.00
pink morsel,$5.00,482,2021-11-24,north,$2410.00
pink morsel,$5.00,403,2021-11-24,south,$2015.00
pink morsel,$5.00,404,2021-11-24,east,$2020.00
pink morsel,$5.00,412,2021-11-24,west,$2060.00
pink morsel,$5.00,482,2021-11-25,north,$2410.00
pink morsel,$5.00,497,2021-11-25,south,$2485.00
pink morsel,$5.00,489,2021-11-25,east,$2445.00
pink morsel,$5.00,457,2021-11-25,west,$2285.00
pink morsel,$5.00,498,2021-11-26,north,$2490.00
pink morsel,$5.00,443,2021-11-26,south,$2215.00
pink morsel,$5.00,403,2021-11-26,east,$2015.00
pink morsel,$5.00,414,2021-11-26,west,$2070.00
pink morsel,$5.00,434,2021-11-27,north,$2170.00
pink morsel,$5.00,447,2021-11-27,south,$2235.00
pink morsel,$5.00,429,2021-11-27,east,$2145.00
pink morsel,$5.00,474,2021-11-27,west,$2370.00
pink morsel,$5.00,407,2021-11-28,north,$2035.00
pink morsel,$5.00,467,2021-11-28,south,$2335.00
pink morsel,$5.00,478,2021-11-28,east,$2390.00
pink morsel,$5.00,500,2021-11-28,west,$2500.00
pink morsel,$5.00,436,2021-11-29,north,$2180.00
pink morsel,$5.00,499,2021-11-29,south,$2495.00
pink morsel,$5.00,434,2021-11-29,east,$2170.00
pink morsel,$5.00,455,2021-11-29,west,$2275.00
pink morsel,$5.00,453,2021-11-30,north,$2265.00
pink morsel,$5.00,407,2021-11-30,south,$2035.00
pink morsel,$5.00,496,2021-11-30,east,$2480.00
pink morsel,$5.00,478,2021-11-30,west,$2390.00
pink morsel,$5.00,483,2021-12-01,north,$2415.00
pink morsel,$5.00,455,2021-12-01,south,$2275.00
pink morsel,$5.00,420,2021-12-01,east,$2100.00
pink morsel,$5.00,421,2021-12-01,west,$2105.00
pink morsel,$5.00,466,2021-12-02,north,$2330.00
pink morsel,$5.00,434,2021-12-02,south,$2170.00
pink morsel,$5.00,492,2021-12-02,east,$2460.00
pink morsel,$5.00,440,2021-12-02,west,$2200.00
pink morsel,$5.00,445,2021-12-03,north,$2225.00
pink morsel,$5.00,470,2021-12-03,south,$2350.00
pink morsel,$5.00,425,2021-12-03,east,$2125.00
pink morsel,$5.00,449,2021-12-03,west,$2245.00
pink morsel,$5.00,405,2021-12-04,north,$2025.00
pink morsel,$5.00,402,2021-12-04,south,$2010.00
pink morsel,$5.00,401,2021-12-04,east,$2005.00
pink morsel,$5.00,491,2021-12-04,west,$2455.00
pink morsel,$5.00,426,2021-12-05,north,$2130.00
pink morsel,$5.00,489,2021-12-05,south,$2445.00
pink morsel,$5.00,438,2021-12-05,east,$2190.00
pink morsel,$5.00,453,2021-12-05,west,$2265.00
pink morsel,$5.00,476,2021-12-06,north,$2380.00
pink morsel,$5.00,447,2021-12-06,south,$2235.00
pink morsel,$5.00,440,2021-12-06,east,$2200.00
pink morsel,$5.00,440,2021-12-06,west,$2200.00
pink morsel,$5.00,418,2021-12-07,north,$2090.00
pink morsel,$5.00,433,2021-12-07,south,$2165.00
pink morsel,$5.00,460,2021-12-07,east,$2300.00
pink morsel,$5.00,480,2021-12-07,west,$2400.00
pink morsel,$5.00,427,2021-12-08,north,$2135.00
pink morsel,$5.00,463,2021-12-08,south,$2315.00
pink morsel,$5.00,475,2021-12-08,east,$2375.00
pink morsel,$5.00,416,2021-12-08,west,$2080.00
pink morsel,$5.00,454,2021-12-09,north,$2270.00
pink morsel,$5.00,486,2021-12-09,south,$2430.00
pink morsel,$5.00,467,2021-12-09,east,$2335.00
pink morsel,$5.00,413,2021-12-09,west,$2065.00
pink morsel,$5.00,447,2021-12-10,north,$2235.00
pink morsel,$5.00,475,2021-12-10,south,$2375.00
pink morsel,$5.00,480,2021-12-10,east,$2400.00
pink morsel,$5.00,461,2021-12-10,west,$2305.00
pink morsel,$5.00,462,2021-12-11,north,$2310.00
pink morsel,$5.00,431,2021-12-11,south,$2155.00
pink morsel,$5.00,487,2021-12-11,east,$2435.00
pink morsel,$5.00,433,2021-12-11,west,$2165.00
pink morsel,$5.00,445,2021-12-12,north,$2225.00
pink morsel,$5.00,411,2021-12-12,south,$2055.00
pink morsel,$5.00,447,2021-12-12,east,$2235.00
pink morsel,$5.00,459,2021-12-12,west,$2295.00
pink morsel,$5.00,408,2021-12-13,north,$2040.00
pink morsel,$5.00,464,2021-12-13,south,$2320.00
pink morsel,$5.00,422,2021-12-13,east,$2110.00
pink morsel,$5.00,436,2021-12-13,west,$2180.00
pink morsel,$5.00,472,2021-12-14,north,$2360.00
pink morsel,$5.00,484,2021-12-14,south,$2420.00
pink morsel,$5.00,474,2021-12-14,east,$2370.00
pink morsel,$5.00,467,2021-12-14,west,$2335.00
pink morsel,$5.00,497,2021-12-15,north,$2485.00
pink morsel,$5.00,499,2021-12-15,south,$2495.00
pink morsel,$5.00,473,2021-12-15,east,$2365.00
pink morsel,$5.00,431,2021-12-15,west,$2155.00
pink morsel,$5.00,477,2021-12-16,north,$2385.00
pink morsel,$5.00,477,2021-12-16,south,$2385.00
pink morsel,$5.00,487,2021-12-16,east,$2435.00
pink morsel,$5.00,458,2021-12-16,west,$2290.00
pink morsel,$5.00,442,2021-12-17,north,$2210.00
pink morsel,$5.00,417,2021-12-17,south,$2085.00
pink morsel,$5.00,418,2021-12-17,east,$2090.00
pink morsel,$5.00,474,2021-12-17,west,$2370.00
pink morsel,$5.00,429,2021-12-18,north,$2145.00
pink morsel,$5.00,442,2021-12-18,south,$2210.00
pink morsel,$5.00,476,2021-12-18,east,$2380.00
pink morsel,$5.00,491,2021-12-18,west,$2455.00
pink morsel,$5.00,454,2021-12-19,north,$2270.00
pink morsel,$5.00,408,2021-12-19,south,$2040.00
pink morsel,$5.00,436,2021-12-19,east,$2180.00
pink morsel,$5.00,500,2021-12-19,west,$2500.00
pink morsel,$5.00,423,2021-12-20,north,$2115.00
pink morsel,$5.00,465,2021-12-20,south,$2325.00
pink morsel,$5.00,450,2021-12-20,east,$2250.00
pink morsel,$5.00,436,2021-12-20,west,$2180.00
pink morsel,$5.00,466,2021-12-21,north,$2330.00
pink morsel,$5.00,415,2021-12-21,south,$2075.00
pink morsel,$5.00,471,2021-12-21,east,$2355.00
pink morsel,$5.00,471,2021-12-21,west,$2355.00
pink morsel,$5.00,441,2021-12-22,north,$2205.00
pink morsel,$5.00,431,2021-12-22,south,$2155.00
pink morsel,$5.00,402,2021-12-22,east,$2010.00
pink morsel,$5.00,401,2021-12-22,west,$2005.00
pink morsel,$5.00,482,2021-12-23,north,$2410.00
pink morsel,$5.00,453,2021-12-23,south,$2265.00
pink morsel,$5.00,441,2021-12-23,east,$2205.00
pink morsel,$5.00,423,2021-12-23,west,$2115.00
pink morsel,$5.00,410,2021-12-24,north,$2050.00
pink morsel,$5.00,427,2021-12-24,south,$2135.00
pink morsel,$5.00,488,2021-12-24,east,$2440.00
pink morsel,$5.00,472,2021-12-24,west,$2360.00
pink morsel,$5.00,481,2021-12-25,north,$2405.00
pink morsel,$5.00,423,2021-12-25,south,$2115.00
pink morsel,$5.00,417,2021-12-25,east,$2085.00
pink morsel,$5.00,458,2021-12-25,west,$2290.00
pink morsel,$5.00,449,2021-12-26,north,$2245.00
pink morsel,$5.00,492,2021-12-26,south,$2460.00
pink morsel,$5.00,490,2021-12-26,east,$2450.00
pink morsel,$5.00,462,2021-12-26,west,$2310.00
pink morsel,$5.00,474,2021-12-27,north,$2370.00
pink morsel,$5.00,408,2021-12-27,south,$2040.00
pink morsel,$5.00,483,2021-12-27,east,$2415.00
pink morsel,$5.00,403,2021-12-27,west,$2015.00
pink morsel,$5.00,449,2021-12-28,north,$2245.00
pink morsel,$5.00,424,2021-12-28,south,$2120.00
pink morsel,$5.00,483,2021-12-28,east,$2415.00
pink morsel,$5.00,459,2021-12-28,west,$2295.00
pink morsel,$5.00,489,2021-12-29,north,$2445.00
pink morsel,$5.00,443,2021-12-29,south,$2215.00
pink morsel,$5.00,457,2021-12-29,east,$2285.00
pink morsel,$5.00,479,2021-12-29,west,$2395.00
pink morsel,$5.00,487,2021-12-30,north,$2435.00
pink morsel,$5.00,480,2021-12-30,south,$2400.00
pink morsel,$5.00,452,2021-12-30,east,$2260.00
pink morsel,$5.00,463,2021-12-30,west,$2315.00
pink morsel,$5.00,463,2021-12-31,north,$2315.00
pink morsel,$5.00,435,2021-12-31,south,$2175.00
pink morsel,$5.00,459,2021-12-31,east,$2295.00
pink morsel,$5.00,411,2021-12-31,west,$2055.00
pink morsel,$5.00,426,2022-01-01,north,$2130.00
pink morsel,$5.00,496,2022-01-01,south,$2480.00
pink morsel,$5.00,438,2022-01-01,east,$2190.00
pink morsel,$5.00,434,2022-01-01,west,$2170.00
pink morsel,$5.00,432,2022-01-02,north,$2160.00
pink morsel,$5.00,424,2022-01-02,south,$2120.00
pink morsel,$5.00,422,2022-01-02,east,$2110.00
pink morsel,$5.00,416,2022-01-02,west,$2080.00
pink morsel,$5.00,410,2022-01-03,north,$2050.00
pink morsel,$5.00,430,2022-01-03,south,$2150.00
pink morsel,$5.00,488,2022-01-03,east,$2440.00
pink morsel,$5.00,411,2022-01-03,west,$2055.00
pink morsel,$5.00,481,2022-01-04,north,$2405.00
pink morsel,$5.00,404,2022-01-04,south,$2020.00
pink morsel,$5.00,402,2022-01-04,east,$2010.00
pink morsel,$5.00,401,2022-01-04,west,$2005.00
pink morsel,$5.00,496,2022-01-05,north,$2480.00
pink morsel,$5.00,472,2022-01-05,south,$2360.00
pink morsel,$5.00,405,2022-01-05,east,$2025.00
pink morsel,$5.00,455,2022-01-05,west,$2275.00
pink morsel,$5.00,449,2022-01-06,north,$2245.00
pink morsel,$5.00,412,2022-01-06,south,$2060.00
pink morsel,$5.00,458,2022-01-06,east,$2290.00
pink morsel,$5.00,441,2022-01-06,west,$2205.00
pink morsel,$5.00,413,2022-01-07,north,$2065.00
pink morsel,$5.00,410,2022-01-07,south,$2050.00
pink morsel,$5.00,436,2022-01-07,east,$2180.00
pink morsel,$5.00,427,2022-01-07,west,$2135.00
pink morsel,$5.00,474,2022-01-08,north,$2370.00
pink morsel,$5.00,449,2022-01-08,south,$2245.00
pink morsel,$5.00,414,2022-01-08,east,$2070.00
pink morsel,$5.00,479,2022-01-08,west,$2395.00
pink morsel,$5.00,498,2022-01-09,north,$2490.00
pink morsel,$5.00,421,2022-01-09,south,$2105.00
pink morsel,$5.00,467,2022-01-09,east,$2335.00
pink morsel,$5.00,450,2022-01-09,west,$2250.00
pink morsel,$5.00,448,2022-01-10,north,$2240.00
pink morsel,$5.00,418,2022-01-10,south,$2090.00
pink morsel,$5.00,474,2022-01-10,east,$2370.00
pink morsel,$5.00,463,2022-01-10,west,$2315.00
pink morsel,$5.00,400,2022-01-11,north,$2000.00
pink morsel,$5.00,415,2022-01-11,south,$2075.00
pink morsel,$5.00,461,2022-01-11,east,$2305.00
pink morsel,$5.00,429,2022-01-11,west,$2145.00
pink morsel,$5.00,410,2022-01-12,north,$2050.00
pink morsel,$5.00,452,2022-01-12,south,$2260.00
pink morsel,$5.00,419,2022-01-12,east,$2095.00
pink morsel,$5.00,500,2022-01-12,west,$2500.00
pink morsel,$5.00,452,2022-01-13,north,$2260.00
pink morsel,$5.00,473,2022-01-13,south,$2365.00
pink morsel,$5.00,497,2022-01-13,east,$2485.00
pink morsel,$5.00,436,2022-01-13,west,$2180.00
pink morsel,$5.00,449,2022-01-14,north,$2245.00
pink morsel,$5.00,445,2022-01-14,south,$2225.00
pink morsel,$5.00,416,2022-01-14,east,$2080.00
pink morsel,$5.00,450,2022-01-14,west,$2250.00
pink morsel,$5.00,423,2022-01-15,north,$2115.00
pink morsel,$5.00,429,2022-01-15,south,$2145.00
pink morsel,$5.00,426,2022-01-15,east,$2130.00
pink morsel,$5.00,424,2022-01-15,west,$2120.00
pink morsel,$5.00,463,2022-01-16,north,$2315.00
pink morsel,$5.00,482,2022-01-16,south,$2410.00
pink morsel,$5.00,458,2022-01-16,east,$2290.00
pink morsel,$5.00,430,2022-01-16,west,$2150.00
pink morsel,$5.00,459,2022-01-17,north,$2295.00
pink morsel,$5.00,403,2022-01-17,south,$2015.00
pink morsel,$5.00,414,2022-01-17,east,$2070.00
pink morsel,$5.00,419,2022-01-17,west,$2095.00
pink morsel,$5.00,409,2022-01-18,north,$2045.00
pink morsel,$5.00,425,2022-01-18,south,$2125.00
pink morsel,$5.00,417,2022-01-18,east,$2085.00
pink morsel,$5.00,419,2022-01-18,west,$2095.00
pink morsel,$5.00,459,2022-01-19,north,$2295.00
pink morsel,$5.00,453,2022-01-19,south,$2265.00
pink morsel,$5.00,408,2022-01-19,east,$2040.00
pink morsel,$5.00,440,2022-01-19,west,$2200.00
pink morsel,$5.00,483,2022-01-20,north,$2415.00
pink morsel,$5.00,487,2022-01-20,south,$2435.00
pink morsel,$5.00,432,2022-01-20,east,$2160.00
pink morsel,$5.00,442,2022-01-20,west,$2210.00
pink morsel,$5.00,459,2022-01-21,north,$2295.00
pink morsel,$5.00,481,2022-01-21,south,$2405.00
pink morsel,$5.00,476,2022-01-21,east,$2380.00
pink morsel,$5.00,472,2022-01-21,west,$2360.00
pink morsel,$5.00,416,2022-01-22,north,$2080.00
pink morsel,$5.00,444,2022-01-22,south,$2220.00
pink morsel,$5.00,499,2022-01-22,east,$2495.00
pink morsel,$5.00,500,2022-01-22,west,$2500.00
pink morsel,$5.00,434,2022-01-23,north,$2170.00
pink morsel,$5.00,427,2022-01-23,south,$2135.00
pink morsel,$5.00,441,2022-01-23,east,$2205.00
pink morsel,$5.00,489,2022-01-23,west,$2445.00
pink morsel,$5.00,439,2022-01-24,north,$2195.00
pink morsel,$5.00,475,2022-01-24,south,$2375.00
pink morsel,$5.00,474,2022-01-24,east,$2370.00
pink morsel,$5.00,482,2022-01-24,west,$2410.00
pink morsel,$5.00,494,2022-01-25,north,$2470.00
pink morsel,$5.00,474,2022-01-25,south,$2370.00
pink morsel,$5.00,422,2022-01-25,east,$2110.00
pink morsel,$5.00,496,2022-01-25,west,$2480.00
pink morsel,$5.00,417,2022-01-26,north,$2085.00
pink morsel,$5.00,464,2022-01-26,south,$2320.00
pink morsel,$5.00,415,2022-01-26,east,$2075.00
pink morsel,$5.00,497,2022-01-26,west,$2485.00
pink morsel,$5.00,433,2022-01-27,north,$2165.00
pink morsel,$5.00,480,2022-01-27,south,$2400.00
pink morsel,$5.00,411,2022-01-27,east,$2055.00
pink morsel,$5.00,487,2022-01-27,west,$2435.00
pink morsel,$5.00,476,2022-01-28,north,$2380.00
pink morsel,$5.00,482,2022-01-28,south,$2410.00
pink morsel,$5.00,448,2022-01-28,east,$2240.00
pink morsel,$5.00,490,2022-01-28,west,$2450.00
pink morsel,$5.00,438,2022-01-29,north,$2190.00
pink morsel,$5.00,469,2022-01-29,south,$2345.00
pink morsel,$5.00,458,2022-01-29,east,$2290.00
pink morsel,$5.00,476,2022-01-29,west,$2380.00
pink morsel,$5.00,429,2022-01-30,north,$2145.00
pink morsel,$5.00,430,2022-01-30,south,$2150.00
pink morsel,$5.00,500,2022-01-30,east,$2500.00
pink morsel,$5.00,461,2022-01-30,west,$2305.00
pink morsel,$5.00,409,2022-01-31,north,$2045.00
pink morsel,$5.00,475,2022-01-31,south,$2375.00
pink morsel,$5.00,408,2022-01-31,east,$2040.00
pink morsel,$5.00,411,2022-01-31,west,$2055.00
pink morsel,$5.00,481,2022-02-01,north,$2405.00
pink morsel,$5.00,462,2022-02-01,south,$2310.00
pink morsel,$5.00,481,2022-02-01,east,$2405.00
pink morsel,$5.00,484,2022-02-01,west,$2420.00
pink morsel,$5.00,432,2022-02-02,north,$2160.00
pink morsel,$5.00,497,2022-02-02,south,$2485.00
pink morsel,$5.00,475,2022-02-02,east,$2375.00
pink morsel,$5.00,487,2022-02-02,west,$2435.00
pink morsel,$5.00,425,2022-02-03,north,$2125.00
pink morsel,$5.00,437,2022-02-03,south,$2185.00
pink morsel,$5.00,418,2022-02-03,east,$2090.00
pink morsel,$5.00,423,2022-02-03,west,$2115.00
pink morsel,$5.00,407,2022-02-04,north,$2035.00
pink morsel,$5.00,443,2022-02-04,south,$2215.00
pink morsel,$5.00,402,2022-02-04,east,$2010.00
pink morsel,$5.00,438,2022-02-04,west,$2190.00
pink morsel,$5.00,414,2022-02-05,north,$2070.00
pink morsel,$5.00,400,2022-02-05,south,$2000.00
pink morsel,$5.00,426,2022-02-05,east,$2130.00
pink morsel,$5.00,447,2022-02-05,west,$2235.00
pink morsel,$5.00,450,2022-02-06,north,$2250.00
pink morsel,$5.00,473,2022-02-06,south,$2365.00
pink morsel,$5.00,404,2022-02-06,east,$2020.00
pink morsel,$5.00,443,2022-02-06,west,$2215.00
pink morsel,$5.00,458,2022-02-07,north,$2290.00
pink morsel,$5.00,429,2022-02-07,south,$2145.00
pink morsel,$5.00,451,2022-02-07,east,$2255.00
pink morsel,$5.00,453,2022-02-07,west,$2265.00
pink morsel,$5.00,475,2022-02-08,north,$2375.00
pink morsel,$5.00,472,2022-02-08,south,$2360.00
pink morsel,$5.00,486,2022-02-08,east,$2430.00
pink morsel,$5.00,466,2022-02-08,west,$2330.00
pink morsel,$5.00,458,2022-02-09,north,$2290.00
pink morsel,$5.00,487,2022-02-09,south,$2435.00
pink morsel,$5.00,445,2022-02-09,east,$2225.00
pink morsel,$5.00,451,2022-02-09,west,$2255.00
pink morsel,$5.00,455,2022-02-10,north,$2275.00
pink morsel,$5.00,462,2022-02-10,south,$2310.00
pink morsel,$5.00,414,2022-02-10,east,$2070.00
pink morsel,$5.00,489,2022-02-10,west,$2445.00
pink morsel,$5.00,481,2022-02-11,north,$2405.00
pink morsel,$5.00,406,2022-02-11,south,$2030.00
pink morsel,$5.00,494,2022-02-11,east,$2470.00
pink morsel,$5.00,453,2022-02-11,west,$2265.00
pink morsel,$5.00,449,2022-02-12,north,$2245.00
pink morsel,$5.00,498,2022-02-12,south,$2490.00
pink morsel,$5.00,422,2022-02-12,east,$2110.00
pink morsel,$5.00,417,2022-02-12,west,$2085.00
pink morsel,$5.00,485,2022-02-13,north,$2425.00
pink morsel,$5.00,449,2022-02-13,south,$2245.00
pink morsel,$5.00,500,2022-02-13,east,$2500.00
pink morsel,$5.00,478,2022-02-13,west,$2390.00
pink morsel,$5.00,407,2022-02-14,north,$2035.00
pink morsel,$5.00,493,2022-02-14,south,$2465.00
pink morsel,$5.00,500,2022-02-14,east,$2500.00
pink morsel,$5.00,423,2022-02-14,west,$2115.00
